SET SESSION sql_mode = "";
SET SESSION sql_mode = "";
SET SESSION sql_mode = "";
SET SESSION sql_mode = "";
SET SESSION sql_mode = "";
SET SESSION sql_mode = "";
SET SESSION sql_mode = "";
SET SESSION sql_mode = "";
SET SESSION sql_mode = "";
SET SESSION sql_mode = "";
SET SESSION sql_mode = "";
SET SESSION sql_mode = "";
SET SESSION sql_mode = "";
SET SESSION sql_mode = "";
SET SESSION sql_mode = "";
SET SESSION sql_mode = "";
SET SESSION sql_mode = "";
SET SESSION sql_mode = "";
SET SESSION sql_mode = "";
SET SESSION sql_mode = "";
SET SESSION sql_mode = "";
SET SESSION sql_mode = "";
SET SESSION sql_mode = "";
SET SESSION sql_mode = "";
SET SESSION sql_mode = "";
SET SESSION sql_mode = "";
SET SESSION sql_mode = "";
SET SESSION sql_mode = "";
SET SESSION sql_mode = "";
SET SESSION sql_mode = "";
SET SESSION sql_mode = "";
SET SESSION sql_mode = "";
SET SESSION sql_mode = "";
SET SESSION sql_mode = "";
SET SESSION sql_mode = "";
SET SESSION sql_mode = "";
SET SESSION sql_mode = "";
SET SESSION sql_mode = "";
SET SESSION sql_mode = "";
SET SESSION sql_mode = "";
SET SESSION sql_mode = "";
SET SESSION sql_mode = "";
SET SESSION sql_mode = "";
SET SESSION sql_mode = "";
SET SESSION sql_mode = "";
SET SESSION sql_mode = "";
SET SESSION sql_mode = "";
SET SESSION sql_mode = "";
SET SESSION sql_mode = "";
SET SESSION sql_mode = "";
SET SESSION sql_mode = "";
SET SESSION sql_mode = "";
SET SESSION sql_mode = "";
SET SESSION sql_mode = "";
SET SESSION sql_mode = "";
SET SESSION sql_mode = "";
SET SESSION sql_mode = "";
SET SESSION sql_mode = "";
SET SESSION sql_mode = "";
SET SESSION sql_mode = "";
SET SESSION sql_mode = "";
SET SESSION sql_mode = "";
SET SESSION sql_mode = "";
SET SESSION sql_mode = "";
SET SESSION sql_mode = "";
SET SESSION sql_mode = "";
SET SESSION sql_mode = "";
SET SESSION sql_mode = "";
SET SESSION sql_mode = "";
SET SESSION sql_mode = "";
SET SESSION sql_mode = "";
SET SESSION sql_mode = "";
SET SESSION sql_mode = "";
SET SESSION sql_mode = "";
SET SESSION sql_mode = "";
SET SESSION sql_mode = "";
SET SESSION sql_mode = "";
SET SESSION sql_mode = "";
SET SESSION sql_mode = "";
SET SESSION sql_mode = "";
SET SESSION sql_mode = "";
SET SESSION sql_mode = "";
SET SESSION sql_mode = "";
SET SESSION sql_mode = "";
SET SESSION sql_mode = "";
SET SESSION sql_mode = "";
SET SESSION sql_mode = "";
SET SESSION sql_mode = "";
SET SESSION sql_mode = "";
SET SESSION sql_mode = "";
SET SESSION sql_mode = "";
SET SESSION sql_mode = "";
SET SESSION sql_mode = "";
SET SESSION sql_mode = "";
SET SESSION sql_mode = "";
SET SESSION sql_mode = "";
SET SESSION sql_mode = "";
SET SESSION sql_mode = "";
SET SESSION sql_mode = "";
SET SESSION sql_mode = "";
SET SESSION sql_mode = "";
SET SESSION sql_mode = "";
SET SESSION sql_mode = "";
SET SESSION sql_mode = "";
SET SESSION sql_mode = "";
SET SESSION sql_mode = "";
SET SESSION sql_mode = "";
SET SESSION sql_mode = "";
SET SESSION sql_mode = "";
SET SESSION sql_mode = "";
SET SESSION sql_mode = "";
SET SESSION sql_mode = "";
SET SESSION sql_mode = "";
SET SESSION sql_mode = "";
SET SESSION sql_mode = "";
SET SESSION sql_mode = "";
SET SESSION sql_mode = "";
SET SESSION sql_mode = "";
SET SESSION sql_mode = "";
SET SESSION sql_mode = "";
SET SESSION sql_mode = "";
SET SESSION sql_mode = "";
SET SESSION sql_mode = "";
SET SESSION sql_mode = "";
SET SESSION sql_mode = "";
SET SESSION sql_mode = "";
SET SESSION sql_mode = "";
SET SESSION sql_mode = "";
SET SESSION sql_mode = "";
SET SESSION sql_mode = "";
SET SESSION sql_mode = "";
SET SESSION sql_mode = "";
SET SESSION sql_mode = "";
SET SESSION sql_mode = "";
SET SESSION sql_mode = "";
SET SESSION sql_mode = "";
SET SESSION sql_mode = "";
SET SESSION sql_mode = "";
SET SESSION sql_mode = "";
SET SESSION sql_mode = "";
SET SESSION sql_mode = "";
SET SESSION sql_mode = "";
SET SESSION sql_mode = "";
SET SESSION sql_mode = "";
SET SESSION sql_mode = "";
SET SESSION sql_mode = "";
SET SESSION sql_mode = "";
SET SESSION sql_mode = "";
SET SESSION sql_mode = "";
SET SESSION sql_mode = "";
SET SESSION sql_mode = "";
SET SESSION sql_mode = "";
SET SESSION sql_mode = "";
SET SESSION sql_mode = "";
SET SESSION sql_mode = "";
SET SESSION sql_mode = "";
SET SESSION sql_mode = "";
SET SESSION sql_mode = "";
SET SESSION sql_mode = "";
SET SESSION sql_mode = "";
SET SESSION sql_mode = "";
SET SESSION sql_mode = "";
SET SESSION sql_mode = "";
SET SESSION sql_mode = "";
SET SESSION sql_mode = "";
SET SESSION sql_mode = "";
SET SESSION sql_mode = "";
SET SESSION sql_mode = "";
SET SESSION sql_mode = "";
SET SESSION sql_mode = "";
SET SESSION sql_mode = "";
SET SESSION sql_mode = "";
SET SESSION sql_mode = "";
SET SESSION sql_mode = "";
SET SESSION sql_mode = "";
SET SESSION sql_mode = "";
SET SESSION sql_mode = "";
SET SESSION sql_mode = "";
SET SESSION sql_mode = "";
SET SESSION sql_mode = "";
SET SESSION sql_mode = "";
INSERT INTO `customer_information` (`customer_id`, `customer_name`, `customer_mobile`, `customer_email`, `email_address`, `contact`, `phone`, `fax`, `city`, `state`, `zip`, `country`, `customer_address`, `address2`, `status`, `create_by`) VALUES ('', 'customer1', '0', 'customer1@wheeltech.com', '', '', '0', 'a', '', 'Bicol', '', 'Philippines', 'a', '', 1, '1');
INSERT INTO `acc_coa` (`HeadCode`, `HeadName`, `PHeadName`, `HeadLevel`, `IsActive`, `IsTransaction`, `IsGL`, `HeadType`, `IsBudget`, `IsDepreciation`, `DepreciationRate`, `customer_id`, `CreateBy`, `CreateDate`) VALUES (102030000002, '2-customer1', 'Customer Receivable', '4', '1', '1', '0', 'A', '0', '0', '0', 2, '1', '2024-07-08 06:26:18');
SET SESSION sql_mode = "";
SET SESSION sql_mode = "";
SET SESSION sql_mode = "";
SET SESSION sql_mode = "";
SET SESSION sql_mode = "";
SET SESSION sql_mode = "";
SET SESSION sql_mode = "";
SET SESSION sql_mode = "";
SET SESSION sql_mode = "";
SET SESSION sql_mode = "";
SET SESSION sql_mode = "";
SET SESSION sql_mode = "";
SET SESSION sql_mode = "";
SET SESSION sql_mode = "";
INSERT INTO `acc_transaction` (`VNo`, `Vtype`, `VDate`, `COAID`, `Narration`, `Debit`, `Credit`, `IsPosted`, `CreateBy`, `CreateDate`, `IsAppove`) VALUES ('9YJ2N26FWM', 'Advance', '2024-07-08', '102030000002', 'Customer Advance For  customer1', '2000', 0, 1, '1', '2024-07-08 06:26:57', 1);
INSERT INTO `acc_transaction` (`VNo`, `Vtype`, `VDate`, `COAID`, `Narration`, `Debit`, `Credit`, `IsPosted`, `CreateBy`, `CreateDate`, `IsAppove`) VALUES ('9YJ2N26FWM', 'Advance', '2024-07-08', 1020101, 'Cash in Hand  For customer1 Advance', '2000', 0, 1, '1', '2024-07-08 06:26:57', 1);
SET SESSION sql_mode = "";
SET SESSION sql_mode = "";
SET SESSION sql_mode = "";
SET SESSION sql_mode = "";
SET SESSION sql_mode = "";
INSERT INTO `supplier_information` (`supplier_id`, `supplier_name`, `mobile`, `emailnumber`, `email_address`, `contact`, `phone`, `fax`, `city`, `state`, `zip`, `country`, `address`, `address2`, `status`) VALUES ('', 'Suzuki', '', 'suzuki@wheeltech.com', '', '', '0', 'p', 'hehe', 'Makati', '3454', 'Philippines', 'pp', '', 1);
INSERT INTO `acc_coa` (`HeadCode`, `HeadName`, `PHeadName`, `HeadLevel`, `IsActive`, `IsTransaction`, `IsGL`, `HeadType`, `IsBudget`, `supplier_id`, `IsDepreciation`, `DepreciationRate`, `CreateBy`, `CreateDate`) VALUES ('502000001', '1-Suzuki', 'Account Payable', '3', '1', '1', '0', 'L', '0', 1, '0', '0', '1', '2024-07-08 06:27:58');
SET SESSION sql_mode = "";
SET SESSION sql_mode = "";
SET SESSION sql_mode = "";
SET SESSION sql_mode = "";
SET SESSION sql_mode = "";
SET SESSION sql_mode = "";
SET SESSION sql_mode = "";
SET SESSION sql_mode = "";
SET SESSION sql_mode = "";
SET SESSION sql_mode = "";
SET SESSION sql_mode = "";
SET SESSION sql_mode = "";
SET SESSION sql_mode = "";
SET SESSION sql_mode = "";
SET SESSION sql_mode = "";
SET SESSION sql_mode = "";
SET SESSION sql_mode = "";
SET SESSION sql_mode = "";
SET SESSION sql_mode = "";
SET SESSION sql_mode = "";
SET SESSION sql_mode = "";
SET SESSION sql_mode = "";
SET SESSION sql_mode = "";
SET SESSION sql_mode = "";
SET SESSION sql_mode = "";
SET SESSION sql_mode = "";
SET SESSION sql_mode = "";
SET SESSION sql_mode = "";
SET SESSION sql_mode = "";
SET SESSION sql_mode = "";
SET SESSION sql_mode = "";
SET SESSION sql_mode = "";
SET SESSION sql_mode = "";
SET SESSION sql_mode = "";
SET SESSION sql_mode = "";
SET SESSION sql_mode = "";
SET SESSION sql_mode = "";
SET SESSION sql_mode = "";
SET SESSION sql_mode = "";
SET SESSION sql_mode = "";
SET SESSION sql_mode = "";
SET SESSION sql_mode = "";
SET SESSION sql_mode = "";
SET SESSION sql_mode = "";
SET SESSION sql_mode = "";
SET SESSION sql_mode = "";
SET SESSION sql_mode = "";
SET SESSION sql_mode = "";
SET SESSION sql_mode = "";
SET SESSION sql_mode = "";
SET SESSION sql_mode = "";
SET SESSION sql_mode = "";
SET SESSION sql_mode = "";
SET SESSION sql_mode = "";
SET SESSION sql_mode = "";
SET SESSION sql_mode = "";
SET SESSION sql_mode = "";
SET SESSION sql_mode = "";
SET SESSION sql_mode = "";
SET SESSION sql_mode = "";
SET SESSION sql_mode = "";
SET SESSION sql_mode = "";
SET SESSION sql_mode = "";
SET SESSION sql_mode = "";
SET SESSION sql_mode = "";
SET SESSION sql_mode = "";
SET SESSION sql_mode = "";
SET SESSION sql_mode = "";
SET SESSION sql_mode = "";
SET SESSION sql_mode = "";
SET SESSION sql_mode = "";
SET SESSION sql_mode = "";
SET SESSION sql_mode = "";
SET SESSION sql_mode = "";
SET SESSION sql_mode = "";
SET SESSION sql_mode = "";
SET SESSION sql_mode = "";
SET SESSION sql_mode = "";
SET SESSION sql_mode = "";
SET SESSION sql_mode = "";
SET SESSION sql_mode = "";
SET SESSION sql_mode = "";
SET SESSION sql_mode = "";
SET SESSION sql_mode = "";
SET SESSION sql_mode = "";
SET SESSION sql_mode = "";
SET SESSION sql_mode = "";
UPDATE `users` AS `a`,`user_login` AS `b` SET `a`.`first_name` = 'Wheeltech', `a`.`last_name` = 'Admin', `b`.`username` = 'admin@wheeltech.com',`a`.`logo` = 'assets/dist/img/profile_picture/profile.jpg' WHERE `a`.`user_id` = '1' AND `a`.`user_id` = `b`.`user_id`;
SET SESSION sql_mode = "";
SET SESSION sql_mode = "";
SET SESSION sql_mode = "";
SET SESSION sql_mode = "";
SET SESSION sql_mode = "";
SET SESSION sql_mode = "";
SET SESSION sql_mode = "";
SET SESSION sql_mode = "";
SET SESSION sql_mode = "";
SET SESSION sql_mode = "";
SET SESSION sql_mode = "";
SET SESSION sql_mode = "";
SET SESSION sql_mode = "";
SET SESSION sql_mode = "";
SET SESSION sql_mode = "";
SET SESSION sql_mode = "";
SET SESSION sql_mode = "";
SET SESSION sql_mode = "";
SET SESSION sql_mode = "";
SET SESSION sql_mode = "";
SET SESSION sql_mode = "";
SET SESSION sql_mode = "";
SET SESSION sql_mode = "";
SET SESSION sql_mode = "";
SET SESSION sql_mode = "";
SET SESSION sql_mode = "";
SET SESSION sql_mode = "";
SET SESSION sql_mode = "";
SET SESSION sql_mode = "";
SET SESSION sql_mode = "";
SET SESSION sql_mode = "";
SET SESSION sql_mode = "";
SET SESSION sql_mode = "";
SET SESSION sql_mode = "";
SET SESSION sql_mode = "";
SET SESSION sql_mode = "";
SET SESSION sql_mode = "";
SET SESSION sql_mode = "";
SET SESSION sql_mode = "";
SET SESSION sql_mode = "";
SET SESSION sql_mode = "";
SET SESSION sql_mode = "";
SET SESSION sql_mode = "";
SET SESSION sql_mode = "";
SET SESSION sql_mode = "";
SET SESSION sql_mode = "";
SET SESSION sql_mode = "";
SET SESSION sql_mode = "";
SET SESSION sql_mode = "";
SET SESSION sql_mode = "";
SET SESSION sql_mode = "";
SET SESSION sql_mode = "";
SET SESSION sql_mode = "";
SET SESSION sql_mode = "";
SET SESSION sql_mode = "";
SET SESSION sql_mode = "";
SET SESSION sql_mode = "";
SET SESSION sql_mode = "";
SET SESSION sql_mode = "";
SET SESSION sql_mode = "";
SET SESSION sql_mode = "";
SET SESSION sql_mode = "";
SET SESSION sql_mode = "";
SET SESSION sql_mode = "";
SET SESSION sql_mode = "";
SET SESSION sql_mode = "";
SET SESSION sql_mode = "";
SET SESSION sql_mode = "";
SET SESSION sql_mode = "";
SET SESSION sql_mode = "";
SET SESSION sql_mode = "";
SET SESSION sql_mode = "";
SET SESSION sql_mode = "";
SET SESSION sql_mode = "";
SET SESSION sql_mode = "";
DELETE FROM `users`
WHERE `user_id` = '2';
DELETE FROM `user_login`
WHERE `user_id` = '2';
SET SESSION sql_mode = "";
SET SESSION sql_mode = "";
SET SESSION sql_mode = "";
SET SESSION sql_mode = "";
SET SESSION sql_mode = "";
SET SESSION sql_mode = "";
SET SESSION sql_mode = "";
UPDATE `language` SET `bangla` = ''
WHERE `phrase` = '';
UPDATE `language` SET `bangla` = ''
WHERE `phrase` = '1';
UPDATE `language` SET `bangla` = ''
WHERE `phrase` = '10';
UPDATE `language` SET `bangla` = ''
WHERE `phrase` = '100';
UPDATE `language` SET `bangla` = ''
WHERE `phrase` = '1000';
UPDATE `language` SET `bangla` = ''
WHERE `phrase` = '2';
UPDATE `language` SET `bangla` = ''
WHERE `phrase` = '20';
UPDATE `language` SET `bangla` = ''
WHERE `phrase` = '5';
UPDATE `language` SET `bangla` = ''
WHERE `phrase` = '50';
UPDATE `language` SET `bangla` = ''
WHERE `phrase` = '500';
UPDATE `language` SET `bangla` = ''
WHERE `phrase` = 'account';
UPDATE `language` SET `bangla` = ''
WHERE `phrase` = 'accounts';
UPDATE `language` SET `bangla` = ''
WHERE `phrase` = 'accounts_name';
UPDATE `language` SET `bangla` = ''
WHERE `phrase` = 'accounts_summary';
UPDATE `language` SET `bangla` = ''
WHERE `phrase` = 'accounts_summary_report';
UPDATE `language` SET `bangla` = ''
WHERE `phrase` = 'accounts_tree_view';
UPDATE `language` SET `bangla` = ''
WHERE `phrase` = 'account_already_exists';
UPDATE `language` SET `bangla` = ''
WHERE `phrase` = 'account_closing_report';
UPDATE `language` SET `bangla` = ''
WHERE `phrase` = 'account_code';
UPDATE `language` SET `bangla` = ''
WHERE `phrase` = 'account_edit';
UPDATE `language` SET `bangla` = ''
WHERE `phrase` = 'account_head';
UPDATE `language` SET `bangla` = ''
WHERE `phrase` = 'account_name';
UPDATE `language` SET `bangla` = ''
WHERE `phrase` = 'account_real_name';
UPDATE `language` SET `bangla` = ''
WHERE `phrase` = 'account_summary';
UPDATE `language` SET `bangla` = ''
WHERE `phrase` = 'account_summary_report';
SET SESSION sql_mode = "";
SET SESSION sql_mode = "";
SET SESSION sql_mode = "";
SET SESSION sql_mode = "";
SET SESSION sql_mode = "";
SET SESSION sql_mode = "";
SET SESSION sql_mode = "";
SET SESSION sql_mode = "";
SET SESSION sql_mode = "";
SET SESSION sql_mode = "";
SET SESSION sql_mode = "";
SET SESSION sql_mode = "";
SET SESSION sql_mode = "";
SET SESSION sql_mode = "";
SET SESSION sql_mode = "";
SET SESSION sql_mode = "";
INSERT INTO `app_setting` (`localhserver`, `onlineserver`, `hotspot`) VALUES ('localhost/url', 'https://yoururl', '192.12.12');
SET SESSION sql_mode = "";
SET SESSION sql_mode = "";
SET SESSION sql_mode = "";
SET SESSION sql_mode = "";
SET SESSION sql_mode = "";
SET SESSION sql_mode = "";
SET SESSION sql_mode = "";
SET SESSION sql_mode = "";
SET SESSION sql_mode = "";
SET SESSION sql_mode = "";
SET SESSION sql_mode = "";
SET SESSION sql_mode = "";
SET SESSION sql_mode = "";
SET SESSION sql_mode = "";
SET SESSION sql_mode = "";
SET SESSION sql_mode = "";
SET SESSION sql_mode = "";
SET SESSION sql_mode = "";
SET SESSION sql_mode = "";
SET SESSION sql_mode = "";
SET SESSION sql_mode = "";
SET SESSION sql_mode = "";
SET SESSION sql_mode = "";
SET SESSION sql_mode = "";
SET SESSION sql_mode = "";
SET SESSION sql_mode = "";
SET SESSION sql_mode = "";
SET SESSION sql_mode = "";
SET SESSION sql_mode = "";
SET SESSION sql_mode = "";
SET SESSION sql_mode = "";
SET SESSION sql_mode = "";
SET SESSION sql_mode = "";
SET SESSION sql_mode = "";
SET SESSION sql_mode = "";
SET SESSION sql_mode = "";
select * from sec_role;
SET SESSION sql_mode = "";
SET SESSION sql_mode = "";
SET SESSION sql_mode = "";
SET SESSION sql_mode = "";
SET SESSION sql_mode = "";
SET SESSION sql_mode = "";
SET SESSION sql_mode = "";
SET SESSION sql_mode = "";
SET SESSION sql_mode = "";
SET SESSION sql_mode = "";
SET SESSION sql_mode = "";
select * from sec_role;
SET SESSION sql_mode = "";
SET SESSION sql_mode = "";
SET SESSION sql_mode = "";
SET SESSION sql_mode = "";
SET SESSION sql_mode = "";
SET SESSION sql_mode = "";
INSERT INTO `sec_role` (`type`) VALUES ('Cashier');
DELETE FROM `role_permission`
WHERE `role_id` = 1;
INSERT INTO `role_permission` (`create`, `delete`, `fk_module_id`, `read`, `role_id`, `update`) VALUES (0,0,'1',0,1,0), (0,0,'2',0,1,0), ('1','1','3','1',1,'1'), (0,0,'4',0,1,0), (0,0,'5',0,1,0), (0,0,'6',0,1,0), (0,0,'7',0,1,0), (0,0,'8',0,1,0), (0,0,'9',0,1,0), (0,0,'10',0,1,0), (0,0,'11',0,1,0), (0,0,'12',0,1,0), (0,0,'13',0,1,0), (0,0,'14',0,1,0), (0,0,'15',0,1,0), (0,0,'16',0,1,0), (0,0,'17',0,1,0), (0,0,'18',0,1,0), (0,0,'19',0,1,0), (0,0,'20',0,1,0), (0,0,'21',0,1,0), (0,0,'22',0,1,0), (0,0,'23',0,1,0), (0,0,'24',0,1,0), (0,0,'25',0,1,0), (0,0,'26',0,1,0), (0,0,'27',0,1,0), (0,0,'28',0,1,0), (0,0,'29',0,1,0), (0,0,'30',0,1,0), (0,0,'31',0,1,0), (0,0,'32',0,1,0), (0,0,'33',0,1,0), (0,0,'34',0,1,0), (0,0,'35',0,1,0), (0,0,'36',0,1,0), (0,0,'37',0,1,0), (0,0,'38',0,1,0), (0,0,'39',0,1,0), (0,0,'40',0,1,0), (0,0,'41',0,1,0), (0,0,'42',0,1,0), (0,0,'43',0,1,0), (0,0,'44',0,1,0), (0,0,'45',0,1,0), (0,0,'46',0,1,0), (0,0,'47',0,1,0), (0,0,'48',0,1,0), (0,0,'49',0,1,0), (0,0,'50',0,1,0), (0,0,'51',0,1,0), (0,0,'52',0,1,0), (0,0,'53',0,1,0), (0,0,'54',0,1,0), (0,0,'55',0,1,0), (0,0,'56',0,1,0), (0,0,'57',0,1,0), (0,0,'58',0,1,0), (0,0,'59',0,1,0), (0,0,'60',0,1,0), (0,0,'61',0,1,0), (0,0,'62',0,1,0), (0,0,'63',0,1,0), (0,0,'64',0,1,0), (0,0,'65',0,1,0), (0,0,'66',0,1,0), (0,0,'67',0,1,0), (0,0,'68',0,1,0), (0,0,'69',0,1,0), (0,0,'70',0,1,0), (0,0,'71',0,1,0), (0,0,'72',0,1,0), (0,0,'73',0,1,0), (0,0,'74',0,1,0), (0,0,'75',0,1,0), (0,0,'76',0,1,0), (0,0,'77',0,1,0), (0,0,'78',0,1,0), (0,0,'79',0,1,0), (0,0,'80',0,1,0), (0,0,'81',0,1,0), (0,0,'82',0,1,0), (0,0,'83',0,1,0), (0,0,'84',0,1,0), (0,0,'85',0,1,0), (0,0,'86',0,1,0), (0,0,'87',0,1,0), (0,0,'88',0,1,0), (0,0,'89',0,1,0), (0,0,'90',0,1,0), (0,0,'91',0,1,0), (0,0,'92',0,1,0), (0,0,'93',0,1,0), (0,0,'94',0,1,0), (0,0,'95',0,1,0), (0,0,'96',0,1,0), (0,0,'97',0,1,0), (0,0,'98',0,1,0), (0,0,'99',0,1,0), (0,0,'100',0,1,0);
INSERT INTO `role_permission` (`create`, `delete`, `fk_module_id`, `read`, `role_id`, `update`) VALUES (0,0,'101',0,1,0), (0,0,'102',0,1,0), (0,0,'103',0,1,0), (0,0,'104',0,1,0), (0,0,'105',0,1,0), (0,0,'106',0,1,0), (0,0,'107',0,1,0), (0,0,'108',0,1,0), (0,0,'109',0,1,0), (0,0,'110',0,1,0), (0,0,'111',0,1,0), (0,0,'112',0,1,0), (0,0,'113',0,1,0), (0,0,'114',0,1,0), (0,0,'115',0,1,0), (0,0,'116',0,1,0), (0,0,'117',0,1,0), (0,0,'118',0,1,0), (0,0,'119',0,1,0), (0,0,'120',0,1,0);
SET SESSION sql_mode = "";
SET SESSION sql_mode = "";
SET SESSION sql_mode = "";
SET SESSION sql_mode = "";
SET SESSION sql_mode = "";
select * from sec_role;
SET SESSION sql_mode = "";
SET SESSION sql_mode = "";
SET SESSION sql_mode = "";
SET SESSION sql_mode = "";
SET SESSION sql_mode = "";
SET SESSION sql_mode = "";
SET SESSION sql_mode = "";
SET SESSION sql_mode = "";
SET SESSION sql_mode = "";
INSERT INTO `users` (`user_id`, `first_name`, `last_name`, `logo`, `status`) VALUES ('231038', 'Cashier', 'C.', './assets/img/user/2024-07-08/276dc1f3c38250ae885029982d186e2a.png', '1');
INSERT INTO `user_login` (`user_id`, `username`, `password`, `user_type`, `status`) VALUES ('231038', 'cashier@wheeltech.com', '8b9f08f3feede9b9a5234ff58be47ccb', '0', '1');
SET SESSION sql_mode = "";
SET SESSION sql_mode = "";
SET SESSION sql_mode = "";
SET SESSION sql_mode = "";
select * from sec_role;
SET SESSION sql_mode = "";
SET SESSION sql_mode = "";
SET SESSION sql_mode = "";
SET SESSION sql_mode = "";
SET SESSION sql_mode = "";
SET SESSION sql_mode = "";
SET SESSION sql_mode = "";
SET SESSION sql_mode = "";
SET SESSION sql_mode = "";
SET SESSION sql_mode = "";
SET SESSION sql_mode = "";
INSERT INTO `sec_userrole` (`id`, `user_id`, `roleid`, `createby`, `createdate`) VALUES (NULL, '231038', '1', '1', '2024-07-08 01:37:41');
SET SESSION sql_mode = "";
SET SESSION sql_mode = "";
select * from sec_role;
SET SESSION sql_mode = "";
SET SESSION sql_mode = "";
SET SESSION sql_mode = "";
SET SESSION sql_mode = "";
SET SESSION sql_mode = "";
SET SESSION sql_mode = "";
select * from sec_role;
SET SESSION sql_mode = "";
SET SESSION sql_mode = "";
SET SESSION sql_mode = "";
SET SESSION sql_mode = "";
SET SESSION sql_mode = "";
SET SESSION sql_mode = "";
select * from sec_role;
SET SESSION sql_mode = "";
SET SESSION sql_mode = "";
SET SESSION sql_mode = "";
SET SESSION sql_mode = "";
SET SESSION sql_mode = "";
SET SESSION sql_mode = "";
SET SESSION sql_mode = "";
SET SESSION sql_mode = "";
SET SESSION sql_mode = "";
SET SESSION sql_mode = "";
SET SESSION sql_mode = "";
SET SESSION sql_mode = "";
SET SESSION sql_mode = "";
SET SESSION sql_mode = "";
SET SESSION sql_mode = "";
SET SESSION sql_mode = "";
SET SESSION sql_mode = "";
SET SESSION sql_mode = "";
SET SESSION sql_mode = "";
SET SESSION sql_mode = "";
SET SESSION sql_mode = "";
SET SESSION sql_mode = "";
SET SESSION sql_mode = "";
SET SESSION sql_mode = "";
SET SESSION sql_mode = "";
SET SESSION sql_mode = "";
SET SESSION sql_mode = "";
SET SESSION sql_mode = "";
SET SESSION sql_mode = "";
SET SESSION sql_mode = "";
SET SESSION sql_mode = "";
SET SESSION sql_mode = "";
SET SESSION sql_mode = "";
SET SESSION sql_mode = "";
SET SESSION sql_mode = "";
SET SESSION sql_mode = "";
SET SESSION sql_mode = "";
SET SESSION sql_mode = "";
SET SESSION sql_mode = "";
SET SESSION sql_mode = "";
SET SESSION sql_mode = "";
SET SESSION sql_mode = "";
SET SESSION sql_mode = "";
SET SESSION sql_mode = "";
SET SESSION sql_mode = "";
SET SESSION sql_mode = "";
SET SESSION sql_mode = "";
SET SESSION sql_mode = "";
SET SESSION sql_mode = "";
SET SESSION sql_mode = "";
SET SESSION sql_mode = "";
SET SESSION sql_mode = "";
SET SESSION sql_mode = "";
SET SESSION sql_mode = "";
SET SESSION sql_mode = "";
SET SESSION sql_mode = "";
SET SESSION sql_mode = "";
SET SESSION sql_mode = "";
SET SESSION sql_mode = "";
SET SESSION sql_mode = "";
SET SESSION sql_mode = "";
SET SESSION sql_mode = "";
SET SESSION sql_mode = "";
SET SESSION sql_mode = "";
SET SESSION sql_mode = "";
SET SESSION sql_mode = "";
SET SESSION sql_mode = "";
SET SESSION sql_mode = "";
select * from sec_role;
SET SESSION sql_mode = "";
SET SESSION sql_mode = "";
SET SESSION sql_mode = "";
SET SESSION sql_mode = "";
SET SESSION sql_mode = "";
SET SESSION sql_mode = "";
select * from sec_role;
SET SESSION sql_mode = "";
SET SESSION sql_mode = "";
SET SESSION sql_mode = "";
SET SESSION sql_mode = "";
SET SESSION sql_mode = "";
SET SESSION sql_mode = "";
UPDATE `sec_role` SET `type` = 'Cashier', `id` = '1'
WHERE `id` = '1';
DELETE FROM `role_permission`
WHERE `role_id` = '1';
INSERT INTO `role_permission` (`create`, `delete`, `fk_module_id`, `read`, `role_id`, `update`) VALUES ('1','1','1','1','1','1'), ('1','1','2','1','1','1'), ('1','1','3','1','1','1'), (0,0,'4',0,'1',0), (0,0,'5',0,'1',0), (0,0,'6',0,'1',0), (0,0,'7',0,'1',0), (0,0,'8',0,'1',0), (0,0,'9',0,'1',0), (0,0,'10',0,'1',0), (0,0,'11',0,'1',0), (0,0,'12',0,'1',0), (0,0,'13',0,'1',0), (0,0,'14',0,'1',0), (0,0,'15',0,'1',0), (0,0,'16',0,'1',0), (0,0,'17',0,'1',0), (0,0,'18',0,'1',0), (0,0,'19',0,'1',0), (0,0,'20',0,'1',0), (0,0,'21',0,'1',0), (0,0,'22',0,'1',0), (0,0,'23',0,'1',0), (0,0,'24',0,'1',0), (0,0,'25',0,'1',0), (0,0,'26',0,'1',0), (0,0,'27',0,'1',0), (0,0,'28',0,'1',0), (0,0,'29',0,'1',0), (0,0,'30',0,'1',0), (0,0,'31',0,'1',0), (0,0,'32',0,'1',0), (0,0,'33',0,'1',0), (0,0,'34',0,'1',0), (0,0,'35',0,'1',0), (0,0,'36',0,'1',0), (0,0,'37',0,'1',0), (0,0,'38',0,'1',0), (0,0,'39',0,'1',0), (0,0,'40',0,'1',0), (0,0,'41',0,'1',0), (0,0,'42',0,'1',0), (0,0,'43',0,'1',0), (0,0,'44',0,'1',0), (0,0,'45',0,'1',0), (0,0,'46',0,'1',0), (0,0,'47',0,'1',0), (0,0,'48',0,'1',0), (0,0,'49',0,'1',0), (0,0,'50',0,'1',0), (0,0,'51',0,'1',0), (0,0,'52',0,'1',0), (0,0,'53',0,'1',0), (0,0,'54',0,'1',0), (0,0,'55',0,'1',0), (0,0,'56',0,'1',0), (0,0,'57',0,'1',0), (0,0,'58',0,'1',0), (0,0,'59',0,'1',0), (0,0,'60',0,'1',0), (0,0,'61',0,'1',0), (0,0,'62',0,'1',0), (0,0,'63',0,'1',0), (0,0,'64',0,'1',0), (0,0,'65',0,'1',0), (0,0,'66',0,'1',0), (0,0,'67',0,'1',0), (0,0,'68',0,'1',0), (0,0,'69',0,'1',0), (0,0,'70',0,'1',0), (0,0,'71',0,'1',0), (0,0,'72',0,'1',0), (0,0,'73',0,'1',0), (0,0,'74',0,'1',0), (0,0,'75',0,'1',0), (0,0,'76',0,'1',0), (0,0,'77',0,'1',0), (0,0,'78',0,'1',0), (0,0,'79',0,'1',0), (0,0,'80',0,'1',0), (0,0,'81',0,'1',0), (0,0,'82',0,'1',0), (0,0,'83',0,'1',0), (0,0,'84',0,'1',0), (0,0,'85',0,'1',0), (0,0,'86',0,'1',0), (0,0,'87',0,'1',0), (0,0,'88',0,'1',0), (0,0,'89',0,'1',0), (0,0,'90',0,'1',0), (0,0,'91',0,'1',0), (0,0,'92',0,'1',0), (0,0,'93',0,'1',0), (0,0,'94',0,'1',0), (0,0,'95',0,'1',0), (0,0,'96',0,'1',0), (0,0,'97',0,'1',0), (0,0,'98',0,'1',0), (0,0,'99',0,'1',0), (0,0,'100',0,'1',0);
INSERT INTO `role_permission` (`create`, `delete`, `fk_module_id`, `read`, `role_id`, `update`) VALUES (0,0,'101',0,'1',0), (0,0,'102',0,'1',0), (0,0,'103',0,'1',0), (0,0,'104',0,'1',0), (0,0,'105',0,'1',0), (0,0,'106',0,'1',0), (0,0,'107',0,'1',0), (0,0,'108',0,'1',0), (0,0,'109',0,'1',0), (0,0,'110',0,'1',0), (0,0,'111',0,'1',0), (0,0,'112',0,'1',0), (0,0,'113',0,'1',0), (0,0,'114',0,'1',0), (0,0,'115',0,'1',0), (0,0,'116',0,'1',0), (0,0,'117',0,'1',0), (0,0,'118',0,'1',0), (0,0,'119',0,'1',0), (0,0,'120',0,'1',0);
SET SESSION sql_mode = "";
SET SESSION sql_mode = "";
select * from sec_role;
SET SESSION sql_mode = "";
SET SESSION sql_mode = "";
SET SESSION sql_mode = "";
SET SESSION sql_mode = "";
SET SESSION sql_mode = "";
SET SESSION sql_mode = "";
SET SESSION sql_mode = "";
SET SESSION sql_mode = "";
SET SESSION sql_mode = "";
SET SESSION sql_mode = "";
SET SESSION sql_mode = "";
SET SESSION sql_mode = "";
SET SESSION sql_mode = "";
SET SESSION sql_mode = "";
SET SESSION sql_mode = "";
SET SESSION sql_mode = "";
SET SESSION sql_mode = "";
SET SESSION sql_mode = "";
SET SESSION sql_mode = "";
SET SESSION sql_mode = "";
SET SESSION sql_mode = "";
SET SESSION sql_mode = "";
SET SESSION sql_mode = "";
SET SESSION sql_mode = "";
SET SESSION sql_mode = "";
SET SESSION sql_mode = "";
SET SESSION sql_mode = "";
SET SESSION sql_mode = "";
SET SESSION sql_mode = "";
SET SESSION sql_mode = "";
SET SESSION sql_mode = "";
SET SESSION sql_mode = "";
SET SESSION sql_mode = "";
SET SESSION sql_mode = "";
SET SESSION sql_mode = "";
SET SESSION sql_mode = "";
SET SESSION sql_mode = "";
SET SESSION sql_mode = "";
SET SESSION sql_mode = "";
SET SESSION sql_mode = "";
SET SESSION sql_mode = "";
SET SESSION sql_mode = "";
SET SESSION sql_mode = "";
SET SESSION sql_mode = "";
SET SESSION sql_mode = "";
SET SESSION sql_mode = "";
SET SESSION sql_mode = "";
SET SESSION sql_mode = "";
SET SESSION sql_mode = "";
SET SESSION sql_mode = "";
SET SESSION sql_mode = "";
SET SESSION sql_mode = "";
SET SESSION sql_mode = "";
SET SESSION sql_mode = "";
SET SESSION sql_mode = "";
SET SESSION sql_mode = "";
SET SESSION sql_mode = "";
SET SESSION sql_mode = "";
SET SESSION sql_mode = "";
SET SESSION sql_mode = "";
SET SESSION sql_mode = "";
SET SESSION sql_mode = "";
SET SESSION sql_mode = "";
SET SESSION sql_mode = "";
SET SESSION sql_mode = "";
SET SESSION sql_mode = "";
INSERT INTO `product_category` (`category_id`, `category_name`, `status`) VALUES (NULL, 'Accessory', '1');
SET SESSION sql_mode = "";
SET SESSION sql_mode = "";
SET SESSION sql_mode = "";
SET SESSION sql_mode = "";
SET SESSION sql_mode = "";
SET SESSION sql_mode = "";
SET SESSION sql_mode = "";
SET SESSION sql_mode = "";
SET SESSION sql_mode = "";
SET SESSION sql_mode = "";
SET SESSION sql_mode = "";
SET SESSION sql_mode = "";
SET SESSION sql_mode = "";
SET SESSION sql_mode = "";
SET SESSION sql_mode = "";
SET SESSION sql_mode = "";
SET SESSION sql_mode = "";
SET SESSION sql_mode = "";
SET SESSION sql_mode = "";
SET SESSION sql_mode = "";
SET SESSION sql_mode = "";
SET SESSION sql_mode = "";
INSERT INTO `units` (`unit_id`, `unit_name`, `status`) VALUES (NULL, 'piece', '1');
SET SESSION sql_mode = "";
SET SESSION sql_mode = "";
SET SESSION sql_mode = "";
SET SESSION sql_mode = "";
SET SESSION sql_mode = "";
INSERT INTO `product_information` (`product_id`, `product_name`, `category_id`, `unit`, `tax`, `serial_no`, `price`, `product_model`, `product_details`, `image`, `status`) VALUES ('35694580', 'motul', '1', 'piece', 0, '100', '10000', 'New', 'oh', './my-assets/image/product/2024-07-08/2276c75482274bbb805d94e0058f686b.jpg', 1);
INSERT INTO `supplier_product` (`product_id`, `supplier_id`, `supplier_price`, `products_model`) VALUES ('35694580', '1', '500', 'New');
SET SESSION sql_mode = "";
SET SESSION sql_mode = "";
SET SESSION sql_mode = "";
SET SESSION sql_mode = "";
SET SESSION sql_mode = "";
SET SESSION sql_mode = "";
SET SESSION sql_mode = "";
SET SESSION sql_mode = "";
SET SESSION sql_mode = "";
SET SESSION sql_mode = "";
SET SESSION sql_mode = "";
SET SESSION sql_mode = "";
SET SESSION sql_mode = "";
SET SESSION sql_mode = "";
SET SESSION sql_mode = "";
SET SESSION sql_mode = "";
SET SESSION sql_mode = "";
INSERT INTO `product_purchase` (`purchase_id`, `chalan_no`, `supplier_id`, `grand_total_amount`, `total_discount`, `purchase_date`, `purchase_details`, `paid_amount`, `due_amount`, `status`, `bank_id`, `payment_type`) VALUES ('20240708134849', '1', '1', '25000000.00', '', '2024-07-08', '', '25000000.00', '0', 1, '', '1');
INSERT INTO `acc_transaction` (`VNo`, `Vtype`, `VDate`, `COAID`, `Narration`, `Debit`, `Credit`, `IsPosted`, `CreateBy`, `CreateDate`, `IsAppove`) VALUES ('20240708134849', 'Purchase', '2024-07-08', 10107, 'Inventory Debit For Supplier Suzuki', '25000000.00', 0, 1, '1', '2024-07-08 13:48:49', 1);
INSERT INTO `acc_transaction` (`VNo`, `Vtype`, `VDate`, `COAID`, `Narration`, `Debit`, `Credit`, `IsPosted`, `CreateBy`, `CreateDate`, `IsAppove`) VALUES ('20240708134849', 'Purchase', '2024-07-08', '502000001', 'Supplier .Suzuki', 0, '25000000.00', 1, '1', '2024-07-08', 1);
INSERT INTO `acc_transaction` (`VNo`, `Vtype`, `VDate`, `COAID`, `Narration`, `Debit`, `Credit`, `IsPosted`, `CreateBy`, `CreateDate`, `IsAppove`) VALUES ('20240708134849', 'Purchase', '2024-07-08', 1020101, 'Cash in Hand For Supplier Suzuki', 0, '25000000.00', 1, '1', '2024-07-08 13:48:49', 1);
INSERT INTO `acc_transaction` (`VNo`, `Vtype`, `VDate`, `COAID`, `Narration`, `Debit`, `Credit`, `IsPosted`, `CreateBy`, `CreateDate`, `IsAppove`) VALUES ('20240708134849', 'Purchase', '2024-07-08', '502000001', 'Supplier .Suzuki', '25000000.00', 0, 1, '1', '2024-07-08', 1);
INSERT INTO `product_purchase_details` (`purchase_detail_id`, `purchase_id`, `product_id`, `quantity`, `rate`, `total_amount`, `discount`, `status`) VALUES ('ZQ5R2GPV1O24XG8', '20240708134849', '35694580', '50000', '500', '25000000.00', '', 1);
SET SESSION sql_mode = "";
SET SESSION sql_mode = "";
SET SESSION sql_mode = "";
SET SESSION sql_mode = "";
SET SESSION sql_mode = "";
SET SESSION sql_mode = "";
SET SESSION sql_mode = "";
SET SESSION sql_mode = "";
SET SESSION sql_mode = "";
SET SESSION sql_mode = "";
SET SESSION sql_mode = "";
SET SESSION sql_mode = "";
SET SESSION sql_mode = "";
SET SESSION sql_mode = "";
SET SESSION sql_mode = "";
INSERT INTO `invoice` (`invoice_id`, `customer_id`, `date`, `total_amount`, `total_tax`, `invoice`, `invoice_details`, `invoice_discount`, `total_discount`, `paid_amount`, `due_amount`, `prevous_due`, `shipping_cost`, `sales_by`, `status`, `payment_type`, `bank_id`) VALUES ('1747513639', '1', '2024-07-08', '40000.00', '0.00', '1000', 'Thank you for shopping with us', '', '0.00', '', '40000.00', '0.00', '', '1', 1, '1', NULL);
INSERT INTO `acc_transaction` (`VNo`, `Vtype`, `VDate`, `COAID`, `Narration`, `Debit`, `Credit`, `IsPosted`, `CreateBy`, `CreateDate`, `IsAppove`) VALUES ('1747513639', 'INV', '2024-07-08 13:49:51', 10107, 'Inventory credit For Invoice No', 0, 2000, 1, '1', '2024-07-08 13:49:51', 1);
INSERT INTO `acc_transaction` (`VNo`, `Vtype`, `VDate`, `COAID`, `Narration`, `Debit`, `Credit`, `IsPosted`, `CreateBy`, `CreateDate`, `IsAppove`) VALUES ('1747513639', 'INV', '2024-07-08 13:49:51', '102030000001', 'Customer debit For Invoice No -   Customer Walking Customer', 40000, 0, 1, '1', '2024-07-08 13:49:51', 1);
INSERT INTO `acc_transaction` (`VNo`, `Vtype`, `VDate`, `COAID`, `Narration`, `Debit`, `Credit`, `IsPosted`, `CreateBy`, `CreateDate`, `IsAppove`) VALUES ('1747513639', 'INVOICE', '2024-07-08 13:49:51', 303, 'Sale Income For Invoice NO -  Customer Walking Customer', 0, 38000, 1, '1', '2024-07-08 13:49:51', 1);
INSERT INTO `acc_transaction` (`VNo`, `Vtype`, `VDate`, `COAID`, `Narration`, `Debit`, `Credit`, `IsPosted`, `CreateBy`, `CreateDate`, `IsAppove`) VALUES ('1747513639', 'INVOICE', '2024-07-08 13:49:51', 50203, 'Sale Income For Invoice NO -  Customer Walking Customer', '0.00', 0, 1, '1', '2024-07-08 13:49:51', 1);
INSERT INTO `invoice_details` (`invoice_details_id`, `invoice_id`, `product_id`, `serial_no`, `quantity`, `rate`, `discount`, `description`, `discount_per`, `tax`, `paid_amount`, `due_amount`, `supplier_rate`, `total_price`, `status`) VALUES ('598886451966391', '1747513639', '35694580', NULL, '4', '10000', 0, NULL, '', NULL, '', '40000.00', '500.000000', '40000', 1);
SET SESSION sql_mode = "";
SET SESSION sql_mode = "";
SET SESSION sql_mode = "";
SET SESSION sql_mode = "";
SET SESSION sql_mode = "";
SET SESSION sql_mode = "";
SET SESSION sql_mode = "";
SET SESSION sql_mode = "";
SET SESSION sql_mode = "";
SET SESSION sql_mode = "";
SET SESSION sql_mode = "";
SET SESSION sql_mode = "";
select * from sec_role;
SET SESSION sql_mode = "";
SET SESSION sql_mode = "";
SET SESSION sql_mode = "";
SET SESSION sql_mode = "";
SET SESSION sql_mode = "";
SET SESSION sql_mode = "";
SET SESSION sql_mode = "";
SET SESSION sql_mode = "";
SET SESSION sql_mode = "";
UPDATE `web_setting` SET `setting_id` = '1', `logo` = 'assets/img/icons/logo.png', `invoice_logo` = 'assets/img/icons/logo.png', `favicon` = 'assets/img/icons/logo.png', `currency` = '₱', `currency_position` = '0', `footer_text` = 'Copyright © 2024 WHEELTECH Motorcycle Parts and Accessories. All rights reserved.', `language` = 'english', `rtr` = '0', `timezone` = 'Asia/Hong_Kong', `discount_type` = '1'
WHERE `setting_id` = '1';
SET SESSION sql_mode = "";
SET SESSION sql_mode = "";
SET SESSION sql_mode = "";
SET SESSION sql_mode = "";
SET SESSION sql_mode = "";
SET SESSION sql_mode = "";
SET SESSION sql_mode = "";
SET SESSION sql_mode = "";
SET SESSION sql_mode = "";
SET SESSION sql_mode = "";
SET SESSION sql_mode = "";
SET SESSION sql_mode = "";
SET SESSION sql_mode = "";
SET SESSION sql_mode = "";
SET SESSION sql_mode = "";
SET SESSION sql_mode = "";
SET SESSION sql_mode = "";
SET SESSION sql_mode = "";
SET SESSION sql_mode = "";
SET SESSION sql_mode = "";
SET SESSION sql_mode = "";
SET SESSION sql_mode = "";
SET SESSION sql_mode = "";
SET SESSION sql_mode = "";
SET SESSION sql_mode = "";
SET SESSION sql_mode = "";
SET SESSION sql_mode = "";
SET SESSION sql_mode = "";
SET SESSION sql_mode = "";
SET SESSION sql_mode = "";
SET SESSION sql_mode = "";
SET SESSION sql_mode = "";
SET SESSION sql_mode = "";
SET SESSION sql_mode = "";
SET SESSION sql_mode = "";
SET SESSION sql_mode = "";
SET SESSION sql_mode = "";
SET SESSION sql_mode = "";
SET SESSION sql_mode = "";
SET SESSION sql_mode = "";
INSERT INTO `product_service` (`service_name`, `charge`, `description`) VALUES ('Change Tier', '15000', 'Front and Back');
INSERT INTO `acc_coa` (`HeadCode`, `HeadName`, `PHeadName`, `HeadLevel`, `IsActive`, `IsTransaction`, `IsGL`, `HeadType`, `IsBudget`, `service_id`, `IsDepreciation`, `DepreciationRate`, `CreateBy`, `CreateDate`) VALUES ('101080001', 'Change Tier-1', 'Service Receive', '3', '1', '1', '0', 'A', '1', 1, '1', '1', '1', '2024-07-08 14:03:20');
SET SESSION sql_mode = "";
SET SESSION sql_mode = "";
SET SESSION sql_mode = "";
SET SESSION sql_mode = "";
SET SESSION sql_mode = "";
INSERT INTO `customer_information` (`customer_name`, `customer_address`, `customer_mobile`, `customer_email`, `status`) VALUES ('Chico', 'Gilid Gilid street, Kanal Compound', '090909', 'chicomiranda@gmail.com', 1);
INSERT INTO `acc_coa` (`HeadCode`, `HeadName`, `PHeadName`, `HeadLevel`, `IsActive`, `IsTransaction`, `IsGL`, `HeadType`, `IsBudget`, `IsDepreciation`, `customer_id`, `DepreciationRate`, `CreateBy`, `CreateDate`) VALUES (102030000003, '3-Chico', 'Customer Receivable', '4', '1', '1', '0', 'A', '0', '0', 3, '0', '1', '2024-07-08 14:04:14');
SET SESSION sql_mode = "";
SET SESSION sql_mode = "";
SET SESSION sql_mode = "";
SET SESSION sql_mode = "";
SET SESSION sql_mode = "";
INSERT INTO `customer_information` (`customer_name`, `customer_address`, `customer_mobile`, `customer_email`, `status`) VALUES ('Chico', 'Gilid-Gilid Street, Kanal Compound', '090909', 'chicomiranda@gmail.com', 1);
INSERT INTO `acc_coa` (`HeadCode`, `HeadName`, `PHeadName`, `HeadLevel`, `IsActive`, `IsTransaction`, `IsGL`, `HeadType`, `IsBudget`, `IsDepreciation`, `customer_id`, `DepreciationRate`, `CreateBy`, `CreateDate`) VALUES (102030000004, '4-Chico', 'Customer Receivable', '4', '1', '1', '0', 'A', '0', '0', 4, '0', '1', '2024-07-08 14:08:21');
SET SESSION sql_mode = "";
SET SESSION sql_mode = "";
SET SESSION sql_mode = "";
SET SESSION sql_mode = "";
SET SESSION sql_mode = "";
SET SESSION sql_mode = "";
SET SESSION sql_mode = "";
SET SESSION sql_mode = "";
SET SESSION sql_mode = "";
SET SESSION sql_mode = "";
SET SESSION sql_mode = "";
SET SESSION sql_mode = "";
SET SESSION sql_mode = "";
SET SESSION sql_mode = "";
SET SESSION sql_mode = "";
SET SESSION sql_mode = "";
SET SESSION sql_mode = "";
INSERT INTO `quotation` (`quotation_id`, `customer_id`, `quotdate`, `expire_date`, `item_total_amount`, `item_total_dicount`, `item_total_tax`, `service_total_amount`, `service_total_discount`, `service_total_tax`, `quot_dis_item`, `quot_dis_service`, `quot_no`, `create_by`, `quot_description`, `status`) VALUES ('PXNDDS8O1JA49T8', '3', '2024-07-08', '2024-07-08', '0.00', '0.00', '0.00', '0.00', '0.00', '0.00', '', '', '1000', '1', 'qqq', 1);
INSERT INTO `quot_products_used` (`quot_id`, `product_id`, `serial_no`, `description`, `rate`, `supplier_rate`, `total_price`, `discount_per`, `discount`, `tax`, `used_qty`) VALUES ('PXNDDS8O1JA49T8', '', '', 'fafafa', '', '', '0.00', '', '', NULL, '1');
INSERT INTO `quotation_taxinfo` (`customer_id`, `date`, `relation_id`) VALUES ('3', '2024-07-08', 'item1000');
INSERT INTO `quotation_service_used` (`quot_id`, `service_id`, `charge`, `total`, `discount`, `discount_amount`, `tax`, `qty`) VALUES ('PXNDDS8O1JA49T8', '', '', '0.00', '', '', NULL, '1');
INSERT INTO `quotation_taxinfo` (`customer_id`, `date`, `relation_id`) VALUES ('3', '2024-07-08', 'serv1000');
SET SESSION sql_mode = "";
SET SESSION sql_mode = "";
SET SESSION sql_mode = "";
SET SESSION sql_mode = "";
SET SESSION sql_mode = "";
UPDATE `quotation` SET `status` = 2
WHERE `quotation_id` = 'PXNDDS8O1JA49T8';
INSERT INTO `service_invoice` (`employee_id`, `customer_id`, `date`, `total_amount`, `total_tax`, `voucher_no`, `details`, `invoice_discount`, `total_discount`, `shipping_cost`, `paid_amount`, `due_amount`, `previous`) VALUES ('', '3', '2024-07-08', '0.00', '0.00', '3967312652', 'qqq', '0.00', '0.00', '', '0.00', 0, '');
INSERT INTO `acc_transaction` (`VNo`, `Vtype`, `VDate`, `COAID`, `Narration`, `Debit`, `Credit`, `IsPosted`, `CreateBy`, `CreateDate`, `IsAppove`) VALUES ('3967312652', 'SERVICE', '2024-07-08 14:09:43', 304, 'Service Income For SERVICE No3967312652', 0, '0.00', 1, '1', '2024-07-08 14:09:43', 1);
INSERT INTO `acc_transaction` (`VNo`, `Vtype`, `VDate`, `COAID`, `Narration`, `Debit`, `Credit`, `IsPosted`, `CreateBy`, `CreateDate`, `IsAppove`) VALUES ('3967312652', 'SERVICE', '2024-07-08 14:09:43', '102030000003', 'Customer debit For service No3967312652', '0.00', 0, 1, '1', '2024-07-08 14:09:43', 1);
INSERT INTO `acc_transaction` (`VNo`, `Vtype`, `VDate`, `COAID`, `Narration`, `Debit`, `Credit`, `IsPosted`, `CreateBy`, `CreateDate`, `IsAppove`) VALUES ('3967312652', 'SERVICE', '2024-07-08 14:09:43', '102030000003', 'Customer credit for Paid Amount For Service No3967312652', 0, '0.00', 1, '1', '2024-07-08 14:09:43', 1);
INSERT INTO `acc_transaction` (`VNo`, `Vtype`, `VDate`, `COAID`, `Narration`, `Debit`, `Credit`, `IsPosted`, `CreateBy`, `CreateDate`, `IsAppove`) VALUES ('3967312652', 'SERVICE', '2024-07-08 14:09:43', 1020101, 'Cash in Hand For SERVICE No3967312652', '0.00', 0, 1, '1', '2024-07-08 14:09:43', 1);
INSERT INTO `tax_collection` (`customer_id`, `date`, `relation_id`) VALUES ('3', '2024-07-08', '3967312652');
SET SESSION sql_mode = "";
SET SESSION sql_mode = "";
SET SESSION sql_mode = "";
SET SESSION sql_mode = "";
SET SESSION sql_mode = "";
SET SESSION sql_mode = "";
SET SESSION sql_mode = "";
SET SESSION sql_mode = "";
SET SESSION sql_mode = "";
SET SESSION sql_mode = "";
SET SESSION sql_mode = "";
SET SESSION sql_mode = "";
SET SESSION sql_mode = "";
SET SESSION sql_mode = "";
SET SESSION sql_mode = "";
SET SESSION sql_mode = "";
SET SESSION sql_mode = "";
INSERT INTO `quotation` (`quotation_id`, `customer_id`, `quotdate`, `expire_date`, `item_total_amount`, `item_total_dicount`, `item_total_tax`, `service_total_amount`, `service_total_discount`, `service_total_tax`, `quot_dis_item`, `quot_dis_service`, `quot_no`, `create_by`, `quot_description`, `status`) VALUES ('4HK2OOAZ4LDGMIG', '4', '2024-07-08', '2024-07-08', '1000000.00', '0.00', '0.00', '0.00', '0.00', '0.00', '', '', '1001', '1', 'qqq', 1);
INSERT INTO `quot_products_used` (`quot_id`, `product_id`, `serial_no`, `description`, `rate`, `supplier_rate`, `total_price`, `discount_per`, `discount`, `tax`, `used_qty`) VALUES ('4HK2OOAZ4LDGMIG', '35694580', '100', 'fafafa', '10000', '500', '1000000', '', '0', NULL, '100');
INSERT INTO `quotation_taxinfo` (`customer_id`, `date`, `relation_id`) VALUES ('4', '2024-07-08', 'item1001');
INSERT INTO `quotation_service_used` (`quot_id`, `service_id`, `charge`, `total`, `discount`, `discount_amount`, `tax`, `qty`) VALUES ('4HK2OOAZ4LDGMIG', '', '', '0.00', '', '', NULL, '100');
INSERT INTO `quotation_taxinfo` (`customer_id`, `date`, `relation_id`) VALUES ('4', '2024-07-08', 'serv1001');
SET SESSION sql_mode = "";
SET SESSION sql_mode = "";
SET SESSION sql_mode = "";
SET SESSION sql_mode = "";
SET SESSION sql_mode = "";
UPDATE `quotation` SET `status` = 2
WHERE `quotation_id` = '4HK2OOAZ4LDGMIG';
INSERT INTO `invoice` (`invoice_id`, `customer_id`, `date`, `total_amount`, `total_tax`, `invoice`, `invoice_details`, `invoice_discount`, `total_discount`, `prevous_due`, `shipping_cost`, `sales_by`, `status`, `payment_type`, `bank_id`) VALUES ('8693292161', '4', '2024-07-08', '1000000.00', '0.00', 1001, 'qqq', '0.00', '0.00', '', '', '1', 1, '1', NULL);
INSERT INTO `acc_transaction` (`VNo`, `Vtype`, `VDate`, `COAID`, `Narration`, `Debit`, `Credit`, `IsPosted`, `CreateBy`, `CreateDate`, `IsAppove`) VALUES ('8693292161', 'INVOICE', '2024-07-08 14:11:10', 10107, 'Inventory credit For Invoice No8693292161', 0, 50000, 1, '1', '2024-07-08 14:11:10', 1);
INSERT INTO `acc_transaction` (`VNo`, `Vtype`, `VDate`, `COAID`, `Narration`, `Debit`, `Credit`, `IsPosted`, `CreateBy`, `CreateDate`, `IsAppove`) VALUES ('8693292161', 'INVOICE', '2024-07-08 14:11:10', '102030000004', 'Customer debit For  Chico', '1000000.00', 0, 1, '1', '2024-07-08 14:11:10', 1);
INSERT INTO `acc_transaction` (`VNo`, `Vtype`, `VDate`, `COAID`, `Narration`, `Debit`, `Credit`, `IsPosted`, `CreateBy`, `CreateDate`, `IsAppove`) VALUES ('8693292161', 'INVOICE', '2024-07-08 14:11:10', 303, 'Sale Income For Chico', 0, '1000000.00', 1, '1', '2024-07-08 14:11:10', 1);
INSERT INTO `acc_transaction` (`VNo`, `Vtype`, `VDate`, `COAID`, `Narration`, `Debit`, `Credit`, `IsPosted`, `CreateBy`, `CreateDate`, `IsAppove`) VALUES ('8693292161', 'INVOICE', '2024-07-08 14:11:10', '102030000004', 'Customer credit for Paid Amount For Customer Chico', 0, '1000000.00', 1, '1', '2024-07-08 14:11:10', 1);
INSERT INTO `tax_collection` (`customer_id`, `date`, `relation_id`) VALUES ('4', '2024-07-08', '8693292161');
INSERT INTO `acc_transaction` (`VNo`, `Vtype`, `VDate`, `COAID`, `Narration`, `Debit`, `Credit`, `IsPosted`, `CreateBy`, `CreateDate`, `IsAppove`) VALUES ('8693292161', 'INVOICE', '2024-07-08 14:11:10', 1020101, 'Cash in Hand in Sale for Chico', '1000000.00', 0, 1, '1', '2024-07-08 14:11:10', 1);
INSERT INTO `invoice_details` (`invoice_details_id`, `invoice_id`, `product_id`, `serial_no`, `quantity`, `rate`, `discount`, `description`, `discount_per`, `tax`, `paid_amount`, `due_amount`, `supplier_rate`, `total_price`, `status`) VALUES ('246963142743793', '8693292161', '35694580', '100', '100.00', '10000.00', 0, 'fafafa', '', NULL, '1000000.00', '', '500', '1000000.00', 1);
INSERT INTO `service_invoice` (`employee_id`, `customer_id`, `date`, `total_amount`, `total_tax`, `voucher_no`, `details`, `invoice_discount`, `total_discount`, `shipping_cost`, `paid_amount`, `due_amount`, `previous`) VALUES ('', '4', '2024-07-08', '0.00', '0.00', '8693292161', 'qqq', '0.00', '0.00', '', '0.00', 0, '');
INSERT INTO `acc_transaction` (`VNo`, `Vtype`, `VDate`, `COAID`, `Narration`, `Debit`, `Credit`, `IsPosted`, `CreateBy`, `CreateDate`, `IsAppove`) VALUES ('8693292161', 'SERVICE', '2024-07-08 14:11:10', 304, 'Service Income For SERVICE No8693292161', 0, '0.00', 1, '1', '2024-07-08 14:11:10', 1);
INSERT INTO `acc_transaction` (`VNo`, `Vtype`, `VDate`, `COAID`, `Narration`, `Debit`, `Credit`, `IsPosted`, `CreateBy`, `CreateDate`, `IsAppove`) VALUES ('8693292161', 'SERVICE', '2024-07-08 14:11:10', '102030000004', 'Customer debit For service No8693292161', '0.00', 0, 1, '1', '2024-07-08 14:11:10', 1);
INSERT INTO `acc_transaction` (`VNo`, `Vtype`, `VDate`, `COAID`, `Narration`, `Debit`, `Credit`, `IsPosted`, `CreateBy`, `CreateDate`, `IsAppove`) VALUES ('8693292161', 'SERVICE', '2024-07-08 14:11:10', '102030000004', 'Customer credit for Paid Amount For Service No8693292161', 0, '0.00', 1, '1', '2024-07-08 14:11:10', 1);
INSERT INTO `acc_transaction` (`VNo`, `Vtype`, `VDate`, `COAID`, `Narration`, `Debit`, `Credit`, `IsPosted`, `CreateBy`, `CreateDate`, `IsAppove`) VALUES ('8693292161', 'SERVICE', '2024-07-08 14:11:10', 1020101, 'Cash in Hand For SERVICE No8693292161', '0.00', 0, 1, '1', '2024-07-08 14:11:10', 1);
INSERT INTO `tax_collection` (`customer_id`, `date`, `relation_id`) VALUES ('4', '2024-07-08', '8693292161');
SET SESSION sql_mode = "";
SET SESSION sql_mode = "";
SET SESSION sql_mode = "";
SET SESSION sql_mode = "";
SET SESSION sql_mode = "";
SET SESSION sql_mode = "";
SET SESSION sql_mode = "";
SET SESSION sql_mode = "";
SET SESSION sql_mode = "";
SET SESSION sql_mode = "";
SET SESSION sql_mode = "";
SET SESSION sql_mode = "";
SET SESSION sql_mode = "";
SET SESSION sql_mode = "";
SET SESSION sql_mode = "";
SET SESSION sql_mode = "";
SET SESSION sql_mode = "";
SET SESSION sql_mode = "";
SET SESSION sql_mode = "";
DELETE FROM `acc_transaction`
WHERE `VNo` = '3967312652';
DELETE FROM `service_invoice_details`
WHERE `service_inv_id` = '3967312652';
DELETE FROM `tax_collection`
WHERE `relation_id` = '3967312652';
SET SESSION sql_mode = "";
SET SESSION sql_mode = "";
SET SESSION sql_mode = "";
SET SESSION sql_mode = "";
SET SESSION sql_mode = "";
SET SESSION sql_mode = "";
SET SESSION sql_mode = "";
SET SESSION sql_mode = "";
SET SESSION sql_mode = "";
SET SESSION sql_mode = "";
SET SESSION sql_mode = "";
SET SESSION sql_mode = "";
SET SESSION sql_mode = "";
SET SESSION sql_mode = "";
SET SESSION sql_mode = "";
SET SESSION sql_mode = "";
SET SESSION sql_mode = "";
SET SESSION sql_mode = "";
SET SESSION sql_mode = "";
SET SESSION sql_mode = "";
SET SESSION sql_mode = "";
SET SESSION sql_mode = "";
SET SESSION sql_mode = "";
SET SESSION sql_mode = "";
SET SESSION sql_mode = "";
SET SESSION sql_mode = "";
SET SESSION sql_mode = "";
SET SESSION sql_mode = "";
SET SESSION sql_mode = "";
SET SESSION sql_mode = "";
SET SESSION sql_mode = "";
SET SESSION sql_mode = "";
SET SESSION sql_mode = "";
SET SESSION sql_mode = "";
SET SESSION sql_mode = "";
SET SESSION sql_mode = "";
SET SESSION sql_mode = "";
SET SESSION sql_mode = "";
SET SESSION sql_mode = "";
SET SESSION sql_mode = "";
SET SESSION sql_mode = "";
SET SESSION sql_mode = "";
SET SESSION sql_mode = "";
SET SESSION sql_mode = "";
SET SESSION sql_mode = "";
SET SESSION sql_mode = "";
SET SESSION sql_mode = "";
SET SESSION sql_mode = "";
SET SESSION sql_mode = "";
SET SESSION sql_mode = "";
SET SESSION sql_mode = "";
SET SESSION sql_mode = "";
SET SESSION sql_mode = "";
SET SESSION sql_mode = "";
SET SESSION sql_mode = "";
SET SESSION sql_mode = "";
SET SESSION sql_mode = "";
SET SESSION sql_mode = "";
SET SESSION sql_mode = "";
SET SESSION sql_mode = "";
INSERT INTO `product_information` (`product_id`, `product_name`, `category_id`, `unit`, `tax`, `serial_no`, `price`, `product_model`, `product_details`, `image`, `status`) VALUES ('43066325', 'Disk Brake', '1', 'piece', 0, '9', '10000', 'New', '', './my-assets/image/product/2024-07-09/48104b42a05e9f8502f330cd61ab7a10.jpg', 1);
INSERT INTO `supplier_product` (`product_id`, `supplier_id`, `supplier_price`, `products_model`) VALUES ('43066325', '1', '80', 'New');
SET SESSION sql_mode = "";
SET SESSION sql_mode = "";
SET SESSION sql_mode = "";
INSERT INTO `product_information` (`product_id`, `product_name`, `category_id`, `unit`, `tax`, `serial_no`, `price`, `product_model`, `product_details`, `image`, `status`) VALUES ('10821997', 'Disk Brake', '1', 'piece', 0, '9', '10000', 'New', '', './my-assets/image/product/2024-07-09/771b0686d1cef0acfdf91535252dc079.jpg', 1);
INSERT INTO `supplier_product` (`product_id`, `supplier_id`, `supplier_price`, `products_model`) VALUES ('10821997', '1', '80', 'New');
SET SESSION sql_mode = "";
SET SESSION sql_mode = "";
SET SESSION sql_mode = "";
SET SESSION sql_mode = "";
DELETE FROM `supplier_product`
WHERE `product_id` = '10821997';
DELETE FROM `product_information`
WHERE `product_id` = '10821997';
SET SESSION sql_mode = "";
SET SESSION sql_mode = "";
SET SESSION sql_mode = "";
SET SESSION sql_mode = "";
SET SESSION sql_mode = "";
SET SESSION sql_mode = "";
UPDATE `product_information` SET `product_id` = '35694580', `product_name` = 'motul', `category_id` = '1', `unit` = 'piece', `tax` = 0, `serial_no` = '100', `price` = '10000', `product_model` = 'New', `product_details` = 'oh', `image` = './my-assets/image/product/2024-07-09/d9df95befe7787e1cd2d3a7792d1c770.png', `status` = 1
WHERE `product_id` = '35694580';
DELETE FROM `supplier_product`
WHERE `product_id` = '35694580';
INSERT INTO `supplier_product` (`product_id`, `supplier_id`, `supplier_price`, `products_model`) VALUES ('35694580', '1', '500', 'New');
SET SESSION sql_mode = "";
SET SESSION sql_mode = "";
SET SESSION sql_mode = "";
SET SESSION sql_mode = "";
SET SESSION sql_mode = "";
SET SESSION sql_mode = "";
SET SESSION sql_mode = "";
SET SESSION sql_mode = "";
INSERT INTO `product_information` (`product_id`, `product_name`, `category_id`, `unit`, `tax`, `serial_no`, `price`, `product_model`, `product_details`, `image`, `status`) VALUES ('39337913', 'Top Box', '1', 'piece', 0, '8', '10000', 'New', 'popo', 'my-assets/image/product.png', 1);
INSERT INTO `supplier_product` (`product_id`, `supplier_id`, `supplier_price`, `products_model`) VALUES ('39337913', '1', '100', 'New');
SET SESSION sql_mode = "";
SET SESSION sql_mode = "";
SET SESSION sql_mode = "";
SET SESSION sql_mode = "";
SET SESSION sql_mode = "";
SET SESSION sql_mode = "";
INSERT INTO `product_information` (`product_id`, `product_name`, `category_id`, `unit`, `tax`, `serial_no`, `price`, `product_model`, `product_details`, `image`, `status`) VALUES ('14492285', 'Chains', '1', 'piece', 0, '2', '18000', 'New', 'pp', 'my-assets/image/product.png', 1);
INSERT INTO `supplier_product` (`product_id`, `supplier_id`, `supplier_price`, `products_model`) VALUES ('14492285', '1', '5000', 'New');
SET SESSION sql_mode = "";
SET SESSION sql_mode = "";
SET SESSION sql_mode = "";
SET SESSION sql_mode = "";
SET SESSION sql_mode = "";
SET SESSION sql_mode = "";
UPDATE `product_information` SET `product_id` = '14492285', `product_name` = 'Chains', `category_id` = '1', `unit` = 'piece', `tax` = 0, `serial_no` = '2', `price` = '18000', `product_model` = 'New', `product_details` = 'pp', `image` = './my-assets/image/product/2024-07-09/9e2db0a2c09f6a1c182b0ea47fcd5fea.jpg', `status` = 1
WHERE `product_id` = '14492285';
DELETE FROM `supplier_product`
WHERE `product_id` = '14492285';
INSERT INTO `supplier_product` (`product_id`, `supplier_id`, `supplier_price`, `products_model`) VALUES ('14492285', '1', '5000', 'New');
SET SESSION sql_mode = "";
SET SESSION sql_mode = "";
SET SESSION sql_mode = "";
SET SESSION sql_mode = "";
SET SESSION sql_mode = "";
SET SESSION sql_mode = "";
UPDATE `product_information` SET `product_id` = '39337913', `product_name` = 'Top Box', `category_id` = '1', `unit` = 'piece', `tax` = 0, `serial_no` = '8', `price` = '10000', `product_model` = 'New', `product_details` = 'popo', `image` = 'my-assets/image/product.png', `status` = 1
WHERE `product_id` = '39337913';
DELETE FROM `supplier_product`
WHERE `product_id` = '39337913';
INSERT INTO `supplier_product` (`product_id`, `supplier_id`, `supplier_price`, `products_model`) VALUES ('39337913', '1', '100', 'New');
SET SESSION sql_mode = "";
SET SESSION sql_mode = "";
SET SESSION sql_mode = "";
SET SESSION sql_mode = "";
SET SESSION sql_mode = "";
SET SESSION sql_mode = "";
SET SESSION sql_mode = "";
SET SESSION sql_mode = "";
SET SESSION sql_mode = "";
SET SESSION sql_mode = "";
SET SESSION sql_mode = "";
SET SESSION sql_mode = "";
SET SESSION sql_mode = "";
SET SESSION sql_mode = "";
SET SESSION sql_mode = "";
SET SESSION sql_mode = "";
SET SESSION sql_mode = "";
SET SESSION sql_mode = "";
SET SESSION sql_mode = "";
SET SESSION sql_mode = "";
SET SESSION sql_mode = "";
SET SESSION sql_mode = "";
SET SESSION sql_mode = "";
SET SESSION sql_mode = "";
SET SESSION sql_mode = "";
SET SESSION sql_mode = "";
SET SESSION sql_mode = "";
SET SESSION sql_mode = "";
SET SESSION sql_mode = "";
SET SESSION sql_mode = "";
SET SESSION sql_mode = "";
SET SESSION sql_mode = "";
SET SESSION sql_mode = "";
SET SESSION sql_mode = "";
SET SESSION sql_mode = "";
SET SESSION sql_mode = "";
SET SESSION sql_mode = "";
SET SESSION sql_mode = "";
SET SESSION sql_mode = "";
SET SESSION sql_mode = "";
SET SESSION sql_mode = "";
SET SESSION sql_mode = "";
SET SESSION sql_mode = "";
SET SESSION sql_mode = "";
SET SESSION sql_mode = "";
SET SESSION sql_mode = "";
SET SESSION sql_mode = "";
SET SESSION sql_mode = "";
SET SESSION sql_mode = "";
SET SESSION sql_mode = "";
SET SESSION sql_mode = "";
SET SESSION sql_mode = "";
SET SESSION sql_mode = "";
SET SESSION sql_mode = "";
SET SESSION sql_mode = "";
SET SESSION sql_mode = "";
SET SESSION sql_mode = "";
SET SESSION sql_mode = "";
SET SESSION sql_mode = "";
SET SESSION sql_mode = "";
SET SESSION sql_mode = "";
SET SESSION sql_mode = "";
SET SESSION sql_mode = "";
SET SESSION sql_mode = "";
SET SESSION sql_mode = "";
SET SESSION sql_mode = "";
SET SESSION sql_mode = "";
SET SESSION sql_mode = "";
SET SESSION sql_mode = "";
SET SESSION sql_mode = "";
SET SESSION sql_mode = "";
SET SESSION sql_mode = "";
SET SESSION sql_mode = "";
SET SESSION sql_mode = "";
SET SESSION sql_mode = "";
SET SESSION sql_mode = "";
SET SESSION sql_mode = "";
SET SESSION sql_mode = "";
SET SESSION sql_mode = "";
SET SESSION sql_mode = "";
SET SESSION sql_mode = "";
SET SESSION sql_mode = "";
SET SESSION sql_mode = "";
SET SESSION sql_mode = "";
SET SESSION sql_mode = "";
SET SESSION sql_mode = "";
SET SESSION sql_mode = "";
SET SESSION sql_mode = "";
SET SESSION sql_mode = "";
SET SESSION sql_mode = "";
SET SESSION sql_mode = "";
SET SESSION sql_mode = "";
SET SESSION sql_mode = "";
SET SESSION sql_mode = "";
SET SESSION sql_mode = "";
SET SESSION sql_mode = "";
SET SESSION sql_mode = "";
SET SESSION sql_mode = "";
SET SESSION sql_mode = "";
SET SESSION sql_mode = "";
SET SESSION sql_mode = "";
SET SESSION sql_mode = "";
SET SESSION sql_mode = "";
SET SESSION sql_mode = "";
SET SESSION sql_mode = "";
SET SESSION sql_mode = "";
SET SESSION sql_mode = "";
SET SESSION sql_mode = "";
SET SESSION sql_mode = "";
SET SESSION sql_mode = "";
SET SESSION sql_mode = "";
SET SESSION sql_mode = "";
SET SESSION sql_mode = "";
SET SESSION sql_mode = "";
SET SESSION sql_mode = "";
SET SESSION sql_mode = "";
SET SESSION sql_mode = "";
SET SESSION sql_mode = "";
SET SESSION sql_mode = "";
SET SESSION sql_mode = "";
SET SESSION sql_mode = "";
SET SESSION sql_mode = "";
SET SESSION sql_mode = "";
SET SESSION sql_mode = "";
SET SESSION sql_mode = "";
SET SESSION sql_mode = "";
SET SESSION sql_mode = "";
SET SESSION sql_mode = "";
SET SESSION sql_mode = "";
SET SESSION sql_mode = "";
SET SESSION sql_mode = "";
SET SESSION sql_mode = "";
SET SESSION sql_mode = "";
SET SESSION sql_mode = "";
SET SESSION sql_mode = "";
SET SESSION sql_mode = "";
SET SESSION sql_mode = "";
SET SESSION sql_mode = "";
SET SESSION sql_mode = "";
SET SESSION sql_mode = "";
SET SESSION sql_mode = "";
SET SESSION sql_mode = "";
SET SESSION sql_mode = "";
SET SESSION sql_mode = "";
SET SESSION sql_mode = "";
SET SESSION sql_mode = "";
SET SESSION sql_mode = "";
SET SESSION sql_mode = "";
SET SESSION sql_mode = "";
SET SESSION sql_mode = "";
SET SESSION sql_mode = "";
SET SESSION sql_mode = "";
SET SESSION sql_mode = "";
SET SESSION sql_mode = "";
SET SESSION sql_mode = "";
SET SESSION sql_mode = "";
SET SESSION sql_mode = "";
SET SESSION sql_mode = "";
SET SESSION sql_mode = "";
SET SESSION sql_mode = "";
SET SESSION sql_mode = "";
SET SESSION sql_mode = "";
SET SESSION sql_mode = "";
SET SESSION sql_mode = "";
SET SESSION sql_mode = "";
SET SESSION sql_mode = "";
SET SESSION sql_mode = "";
SET SESSION sql_mode = "";
SET SESSION sql_mode = "";
SET SESSION sql_mode = "";
SET SESSION sql_mode = "";
INSERT INTO `invoice` (`invoice_id`, `customer_id`, `date`, `total_amount`, `total_tax`, `invoice`, `invoice_details`, `invoice_discount`, `total_discount`, `paid_amount`, `due_amount`, `prevous_due`, `shipping_cost`, `sales_by`, `status`, `payment_type`, `bank_id`) VALUES ('6386131597', '1', '2024-07-09', '90000.00', '0.00', '1002', 'Thank you for shopping with us', '', '0.00', '90000.00', '0', '0.00', '', '1', 1, '1', NULL);
INSERT INTO `acc_transaction` (`VNo`, `Vtype`, `VDate`, `COAID`, `Narration`, `Debit`, `Credit`, `IsPosted`, `CreateBy`, `CreateDate`, `IsAppove`) VALUES ('6386131597', 'INV', '2024-07-09 08:21:40', 10107, 'Inventory credit For Invoice No', 0, 4500, 1, '1', '2024-07-09 08:21:40', 1);
INSERT INTO `acc_transaction` (`VNo`, `Vtype`, `VDate`, `COAID`, `Narration`, `Debit`, `Credit`, `IsPosted`, `CreateBy`, `CreateDate`, `IsAppove`) VALUES ('6386131597', 'INV', '2024-07-09 08:21:40', '102030000001', 'Customer debit For Invoice No -   Customer Walking Customer', 90000, 0, 1, '1', '2024-07-09 08:21:40', 1);
INSERT INTO `acc_transaction` (`VNo`, `Vtype`, `VDate`, `COAID`, `Narration`, `Debit`, `Credit`, `IsPosted`, `CreateBy`, `CreateDate`, `IsAppove`) VALUES ('6386131597', 'INVOICE', '2024-07-09 08:21:40', 303, 'Sale Income For Invoice NO -  Customer Walking Customer', 0, 85500, 1, '1', '2024-07-09 08:21:40', 1);
INSERT INTO `acc_transaction` (`VNo`, `Vtype`, `VDate`, `COAID`, `Narration`, `Debit`, `Credit`, `IsPosted`, `CreateBy`, `CreateDate`, `IsAppove`) VALUES ('6386131597', 'INVOICE', '2024-07-09 08:21:40', 50203, 'Sale Income For Invoice NO -  Customer Walking Customer', '0.00', 0, 1, '1', '2024-07-09 08:21:40', 1);
INSERT INTO `acc_transaction` (`VNo`, `Vtype`, `VDate`, `COAID`, `Narration`, `Debit`, `Credit`, `IsPosted`, `CreateBy`, `CreateDate`, `IsAppove`) VALUES ('6386131597', 'INV', '2024-07-09 08:21:40', '102030000001', 'Customer credit for Paid Amount For Customer Invoice NO-  Customer- Walking Customer', 0, '90000.00', 1, '1', '2024-07-09 08:21:40', 1);
INSERT INTO `acc_transaction` (`VNo`, `Vtype`, `VDate`, `COAID`, `Narration`, `Debit`, `Credit`, `IsPosted`, `CreateBy`, `CreateDate`, `IsAppove`) VALUES ('6386131597', 'INV', '2024-07-09 08:21:40', 1020101, 'Cash in Hand in Sale for Invoice No -  customer- Walking Customer', '90000.00', 0, 1, '1', '2024-07-09 08:21:40', 1);
INSERT INTO `invoice_details` (`invoice_details_id`, `invoice_id`, `product_id`, `serial_no`, `quantity`, `rate`, `discount`, `description`, `discount_per`, `tax`, `paid_amount`, `due_amount`, `supplier_rate`, `total_price`, `status`) VALUES ('986696599531721', '6386131597', '35694580', NULL, '9', '10000', 0, NULL, '', NULL, '90000.00', '0', '500.000000', '90000', 1);
SET SESSION sql_mode = "";
SET SESSION sql_mode = "";
SET SESSION sql_mode = "";
SET SESSION sql_mode = "";
SET SESSION sql_mode = "";
SET SESSION sql_mode = "";
SET SESSION sql_mode = "";
SET SESSION sql_mode = "";
SET SESSION sql_mode = "";
SET SESSION sql_mode = "";
SET SESSION sql_mode = "";
SET SESSION sql_mode = "";
SET SESSION sql_mode = "";
SET SESSION sql_mode = "";
SET SESSION sql_mode = "";
SET SESSION sql_mode = "";
SET SESSION sql_mode = "";
SET SESSION sql_mode = "";
SET SESSION sql_mode = "";
SET SESSION sql_mode = "";
SET SESSION sql_mode = "";
SET SESSION sql_mode = "";
SET SESSION sql_mode = "";
SET SESSION sql_mode = "";
SET SESSION sql_mode = "";
SET SESSION sql_mode = "";
SET SESSION sql_mode = "";
SET SESSION sql_mode = "";
SET SESSION sql_mode = "";
SET SESSION sql_mode = "";
SET SESSION sql_mode = "";
SET SESSION sql_mode = "";
SET SESSION sql_mode = "";
SET SESSION sql_mode = "";
SET SESSION sql_mode = "";
SET SESSION sql_mode = "";
SET SESSION sql_mode = "";
SET SESSION sql_mode = "";
SET SESSION sql_mode = "";
SET SESSION sql_mode = "";
SET SESSION sql_mode = "";
SET SESSION sql_mode = "";
SET SESSION sql_mode = "";
SET SESSION sql_mode = "";
SET SESSION sql_mode = "";
SET SESSION sql_mode = "";
SET SESSION sql_mode = "";
SET SESSION sql_mode = "";
SET SESSION sql_mode = "";
SET SESSION sql_mode = "";
SET SESSION sql_mode = "";
SET SESSION sql_mode = "";
SET SESSION sql_mode = "";
SET SESSION sql_mode = "";
SET SESSION sql_mode = "";
SET SESSION sql_mode = "";
SET SESSION sql_mode = "";
SET SESSION sql_mode = "";
SET SESSION sql_mode = "";
SET SESSION sql_mode = "";
SET SESSION sql_mode = "";
SET SESSION sql_mode = "";
SET SESSION sql_mode = "";
SET SESSION sql_mode = "";
SET SESSION sql_mode = "";
SET SESSION sql_mode = "";
SET SESSION sql_mode = "";
SET SESSION sql_mode = "";
SET SESSION sql_mode = "";
SET SESSION sql_mode = "";
SET SESSION sql_mode = "";
SET SESSION sql_mode = "";
SET SESSION sql_mode = "";
SET SESSION sql_mode = "";
SET SESSION sql_mode = "";
SET SESSION sql_mode = "";
SET SESSION sql_mode = "";
SET SESSION sql_mode = "";
SET SESSION sql_mode = "";
SET SESSION sql_mode = "";
SET SESSION sql_mode = "";
SET SESSION sql_mode = "";
SET SESSION sql_mode = "";
SET SESSION sql_mode = "";
SET SESSION sql_mode = "";
SET SESSION sql_mode = "";
SET SESSION sql_mode = "";
SET SESSION sql_mode = "";
SET SESSION sql_mode = "";
SET SESSION sql_mode = "";
SET SESSION sql_mode = "";
SET SESSION sql_mode = "";
SET SESSION sql_mode = "";
SET SESSION sql_mode = "";
SET SESSION sql_mode = "";
SET SESSION sql_mode = "";
SET SESSION sql_mode = "";
SET SESSION sql_mode = "";
SET SESSION sql_mode = "";
SET SESSION sql_mode = "";
SET SESSION sql_mode = "";
SET SESSION sql_mode = "";
SET SESSION sql_mode = "";
SET SESSION sql_mode = "";
SET SESSION sql_mode = "";
SET SESSION sql_mode = "";
SET SESSION sql_mode = "";
SET SESSION sql_mode = "";
SET SESSION sql_mode = "";
SET SESSION sql_mode = "";
SET SESSION sql_mode = "";
SET SESSION sql_mode = "";
SET SESSION sql_mode = "";
SET SESSION sql_mode = "";
SET SESSION sql_mode = "";
SET SESSION sql_mode = "";
SET SESSION sql_mode = "";
SET SESSION sql_mode = "";
SET SESSION sql_mode = "";
SET SESSION sql_mode = "";
SET SESSION sql_mode = "";
SET SESSION sql_mode = "";
SET SESSION sql_mode = "";
SET SESSION sql_mode = "";
SET SESSION sql_mode = "";
SET SESSION sql_mode = "";
SET SESSION sql_mode = "";
SET SESSION sql_mode = "";
SET SESSION sql_mode = "";
SET SESSION sql_mode = "";
SET SESSION sql_mode = "";
SET SESSION sql_mode = "";
SET SESSION sql_mode = "";
SET SESSION sql_mode = "";
SET SESSION sql_mode = "";
SET SESSION sql_mode = "";
SET SESSION sql_mode = "";
SET SESSION sql_mode = "";
SET SESSION sql_mode = "";
SET SESSION sql_mode = "";
SET SESSION sql_mode = "";
SET SESSION sql_mode = "";
SET SESSION sql_mode = "";
SET SESSION sql_mode = "";
SET SESSION sql_mode = "";
SET SESSION sql_mode = "";
SET SESSION sql_mode = "";
SET SESSION sql_mode = "";
SET SESSION sql_mode = "";
SET SESSION sql_mode = "";
SET SESSION sql_mode = "";
SET SESSION sql_mode = "";
SET SESSION sql_mode = "";
SET SESSION sql_mode = "";
SET SESSION sql_mode = "";
SET SESSION sql_mode = "";
SET SESSION sql_mode = "";
SET SESSION sql_mode = "";
SET SESSION sql_mode = "";
SET SESSION sql_mode = "";
SET SESSION sql_mode = "";
SET SESSION sql_mode = "";
SET SESSION sql_mode = "";
SET SESSION sql_mode = "";
SET SESSION sql_mode = "";
SET SESSION sql_mode = "";
SET SESSION sql_mode = "";
SET SESSION sql_mode = "";
SET SESSION sql_mode = "";
SET SESSION sql_mode = "";
SET SESSION sql_mode = "";
SET SESSION sql_mode = "";
SET SESSION sql_mode = "";
SET SESSION sql_mode = "";
SET SESSION sql_mode = "";
SET SESSION sql_mode = "";
SET SESSION sql_mode = "";
SET SESSION sql_mode = "";
SET SESSION sql_mode = "";
SET SESSION sql_mode = "";
SET SESSION sql_mode = "";
SET SESSION sql_mode = "";
SET SESSION sql_mode = "";
SET SESSION sql_mode = "";
SET SESSION sql_mode = "";
SET SESSION sql_mode = "";
SET SESSION sql_mode = "";
SET SESSION sql_mode = "";
SET SESSION sql_mode = "";
SET SESSION sql_mode = "";
SET SESSION sql_mode = "";
SET SESSION sql_mode = "";
SET SESSION sql_mode = "";
SET SESSION sql_mode = "";
SET SESSION sql_mode = "";
SET SESSION sql_mode = "";
SET SESSION sql_mode = "";
INSERT INTO `product_purchase` (`purchase_id`, `chalan_no`, `supplier_id`, `grand_total_amount`, `total_discount`, `purchase_date`, `purchase_details`, `paid_amount`, `due_amount`, `status`, `bank_id`, `payment_type`) VALUES ('20240710050633', '80', '1', '80000.00', '', '2024-07-10', '', '80000.00', '0', 1, '', '1');
INSERT INTO `acc_transaction` (`VNo`, `Vtype`, `VDate`, `COAID`, `Narration`, `Debit`, `Credit`, `IsPosted`, `CreateBy`, `CreateDate`, `IsAppove`) VALUES ('20240710050633', 'Purchase', '2024-07-10', 10107, 'Inventory Debit For Supplier Suzuki', '80000.00', 0, 1, '1', '2024-07-10 05:06:33', 1);
INSERT INTO `acc_transaction` (`VNo`, `Vtype`, `VDate`, `COAID`, `Narration`, `Debit`, `Credit`, `IsPosted`, `CreateBy`, `CreateDate`, `IsAppove`) VALUES ('20240710050633', 'Purchase', '2024-07-10', '502000001', 'Supplier .Suzuki', 0, '80000.00', 1, '1', '2024-07-10', 1);
INSERT INTO `acc_transaction` (`VNo`, `Vtype`, `VDate`, `COAID`, `Narration`, `Debit`, `Credit`, `IsPosted`, `CreateBy`, `CreateDate`, `IsAppove`) VALUES ('20240710050633', 'Purchase', '2024-07-10', 1020101, 'Cash in Hand For Supplier Suzuki', 0, '80000.00', 1, '1', '2024-07-10 05:06:33', 1);
INSERT INTO `acc_transaction` (`VNo`, `Vtype`, `VDate`, `COAID`, `Narration`, `Debit`, `Credit`, `IsPosted`, `CreateBy`, `CreateDate`, `IsAppove`) VALUES ('20240710050633', 'Purchase', '2024-07-10', '502000001', 'Supplier .Suzuki', '80000.00', 0, 1, '1', '2024-07-10', 1);
INSERT INTO `product_purchase_details` (`purchase_detail_id`, `purchase_id`, `product_id`, `quantity`, `rate`, `total_amount`, `discount`, `status`) VALUES ('TURW13IAEG8MNL1', '20240710050633', '43066325', '1000', '80', '80000.00', '', 1);
SET SESSION sql_mode = "";
SET SESSION sql_mode = "";
SET SESSION sql_mode = "";
SET SESSION sql_mode = "";
SET SESSION sql_mode = "";
SET SESSION sql_mode = "";
SET SESSION sql_mode = "";
SET SESSION sql_mode = "";
SET SESSION sql_mode = "";
INSERT INTO `product_purchase` (`purchase_id`, `chalan_no`, `supplier_id`, `grand_total_amount`, `total_discount`, `purchase_date`, `purchase_details`, `paid_amount`, `due_amount`, `status`, `bank_id`, `payment_type`) VALUES ('20240710050759', '68', '1', '10000000.00', '', '2024-07-10', '', '10000000.00', '0', 1, '', '1');
INSERT INTO `acc_transaction` (`VNo`, `Vtype`, `VDate`, `COAID`, `Narration`, `Debit`, `Credit`, `IsPosted`, `CreateBy`, `CreateDate`, `IsAppove`) VALUES ('20240710050759', 'Purchase', '2024-07-10', 10107, 'Inventory Debit For Supplier Suzuki', '10000000.00', 0, 1, '1', '2024-07-10 05:07:59', 1);
INSERT INTO `acc_transaction` (`VNo`, `Vtype`, `VDate`, `COAID`, `Narration`, `Debit`, `Credit`, `IsPosted`, `CreateBy`, `CreateDate`, `IsAppove`) VALUES ('20240710050759', 'Purchase', '2024-07-10', '502000001', 'Supplier .Suzuki', 0, '10000000.00', 1, '1', '2024-07-10', 1);
INSERT INTO `acc_transaction` (`VNo`, `Vtype`, `VDate`, `COAID`, `Narration`, `Debit`, `Credit`, `IsPosted`, `CreateBy`, `CreateDate`, `IsAppove`) VALUES ('20240710050759', 'Purchase', '2024-07-10', 1020101, 'Cash in Hand For Supplier Suzuki', 0, '10000000.00', 1, '1', '2024-07-10 05:07:59', 1);
INSERT INTO `acc_transaction` (`VNo`, `Vtype`, `VDate`, `COAID`, `Narration`, `Debit`, `Credit`, `IsPosted`, `CreateBy`, `CreateDate`, `IsAppove`) VALUES ('20240710050759', 'Purchase', '2024-07-10', '502000001', 'Supplier .Suzuki', '10000000.00', 0, 1, '1', '2024-07-10', 1);
INSERT INTO `product_purchase_details` (`purchase_detail_id`, `purchase_id`, `product_id`, `quantity`, `rate`, `total_amount`, `discount`, `status`) VALUES ('XE39PV8OYKFFX3K', '20240710050759', '39337913', '100000', '100', '10000000.00', '', 1);
SET SESSION sql_mode = "";
SET SESSION sql_mode = "";
SET SESSION sql_mode = "";
SET SESSION sql_mode = "";
SET SESSION sql_mode = "";
SET SESSION sql_mode = "";
SET SESSION sql_mode = "";
SET SESSION sql_mode = "";
SET SESSION sql_mode = "";
SET SESSION sql_mode = "";
INSERT INTO `invoice` (`invoice_id`, `customer_id`, `date`, `total_amount`, `total_tax`, `invoice`, `invoice_details`, `invoice_discount`, `total_discount`, `paid_amount`, `due_amount`, `prevous_due`, `shipping_cost`, `sales_by`, `status`, `payment_type`, `bank_id`) VALUES ('1132899799', '1', '2024-07-10', '40000.00', '0.00', '1003', 'Thank you for shopping with us', '', '0.00', '', '40000.00', '0.00', '', '1', 1, '1', NULL);
INSERT INTO `acc_transaction` (`VNo`, `Vtype`, `VDate`, `COAID`, `Narration`, `Debit`, `Credit`, `IsPosted`, `CreateBy`, `CreateDate`, `IsAppove`) VALUES ('1132899799', 'INV', '2024-07-10 05:09:11', 10107, 'Inventory credit For Invoice No', 0, 780, 1, '1', '2024-07-10 05:09:11', 1);
INSERT INTO `acc_transaction` (`VNo`, `Vtype`, `VDate`, `COAID`, `Narration`, `Debit`, `Credit`, `IsPosted`, `CreateBy`, `CreateDate`, `IsAppove`) VALUES ('1132899799', 'INV', '2024-07-10 05:09:11', '102030000001', 'Customer debit For Invoice No -   Customer Walking Customer', 40000, 0, 1, '1', '2024-07-10 05:09:11', 1);
INSERT INTO `acc_transaction` (`VNo`, `Vtype`, `VDate`, `COAID`, `Narration`, `Debit`, `Credit`, `IsPosted`, `CreateBy`, `CreateDate`, `IsAppove`) VALUES ('1132899799', 'INVOICE', '2024-07-10 05:09:11', 303, 'Sale Income For Invoice NO -  Customer Walking Customer', 0, 39220, 1, '1', '2024-07-10 05:09:11', 1);
INSERT INTO `acc_transaction` (`VNo`, `Vtype`, `VDate`, `COAID`, `Narration`, `Debit`, `Credit`, `IsPosted`, `CreateBy`, `CreateDate`, `IsAppove`) VALUES ('1132899799', 'INVOICE', '2024-07-10 05:09:11', 50203, 'Sale Income For Invoice NO -  Customer Walking Customer', '0.00', 0, 1, '1', '2024-07-10 05:09:11', 1);
INSERT INTO `invoice_details` (`invoice_details_id`, `invoice_id`, `product_id`, `serial_no`, `quantity`, `rate`, `discount`, `description`, `discount_per`, `tax`, `paid_amount`, `due_amount`, `supplier_rate`, `total_price`, `status`) VALUES ('157421836127965', '1132899799', '43066325', NULL, '1', '10000', 0, NULL, '', NULL, '', '40000.00', '80.000000', '10000', 1);
INSERT INTO `invoice_details` (`invoice_details_id`, `invoice_id`, `product_id`, `serial_no`, `quantity`, `rate`, `discount`, `description`, `discount_per`, `tax`, `paid_amount`, `due_amount`, `supplier_rate`, `total_price`, `status`) VALUES ('757312711683852', '1132899799', '39337913', NULL, '2', '10000', 0, NULL, '', NULL, '', '40000.00', '100.000000', '20000', 1);
INSERT INTO `invoice_details` (`invoice_details_id`, `invoice_id`, `product_id`, `serial_no`, `quantity`, `rate`, `discount`, `description`, `discount_per`, `tax`, `paid_amount`, `due_amount`, `supplier_rate`, `total_price`, `status`) VALUES ('766895132192276', '1132899799', '35694580', NULL, '1', '10000', 0, NULL, '', NULL, '', '40000.00', '500.000000', '10000', 1);
SET SESSION sql_mode = "";
SET SESSION sql_mode = "";
SET SESSION sql_mode = "";
SET SESSION sql_mode = "";
SET SESSION sql_mode = "";
SET SESSION sql_mode = "";
SET SESSION sql_mode = "";
SET SESSION sql_mode = "";
SET SESSION sql_mode = "";
UPDATE `product_information` SET `product_id` = '39337913', `product_name` = 'Top Box', `category_id` = '1', `unit` = 'piece', `tax` = 0, `serial_no` = '8', `price` = '10000', `product_model` = 'New', `product_details` = 'popo', `image` = './my-assets/image/product/2024-07-10/6a4373495f24dbe7857f4e2407545d27.jpg', `status` = 1
WHERE `product_id` = '39337913';
DELETE FROM `supplier_product`
WHERE `product_id` = '39337913';
INSERT INTO `supplier_product` (`product_id`, `supplier_id`, `supplier_price`, `products_model`) VALUES ('39337913', '1', '100', 'New');
SET SESSION sql_mode = "";
SET SESSION sql_mode = "";
SET SESSION sql_mode = "";
SET SESSION sql_mode = "";
SET SESSION sql_mode = "";
SET SESSION sql_mode = "";
SET SESSION sql_mode = "";
SET SESSION sql_mode = "";
SET SESSION sql_mode = "";
SET SESSION sql_mode = "";
SET SESSION sql_mode = "";
SET SESSION sql_mode = "";
INSERT INTO `product_category` (`category_id`, `category_name`, `status`) VALUES (NULL, 'Gear', '1');
SET SESSION sql_mode = "";
SET SESSION sql_mode = "";
SET SESSION sql_mode = "";
SET SESSION sql_mode = "";
SET SESSION sql_mode = "";
SET SESSION sql_mode = "";
SET SESSION sql_mode = "";
SET SESSION sql_mode = "";
SET SESSION sql_mode = "";
SET SESSION sql_mode = "";
SET SESSION sql_mode = "";
SET SESSION sql_mode = "";
SET SESSION sql_mode = "";
SET SESSION sql_mode = "";
SET SESSION sql_mode = "";
SET SESSION sql_mode = "";
SET SESSION sql_mode = "";
SET SESSION sql_mode = "";
SET SESSION sql_mode = "";
SET SESSION sql_mode = "";
SET SESSION sql_mode = "";
SET SESSION sql_mode = "";
SET SESSION sql_mode = "";
SET SESSION sql_mode = "";
SET SESSION sql_mode = "";
SET SESSION sql_mode = "";
SET SESSION sql_mode = "";
INSERT INTO `quotation` (`quotation_id`, `customer_id`, `quotdate`, `expire_date`, `item_total_amount`, `item_total_dicount`, `item_total_tax`, `service_total_amount`, `service_total_discount`, `service_total_tax`, `quot_dis_item`, `quot_dis_service`, `quot_no`, `create_by`, `quot_description`, `status`) VALUES ('75NFNLCG3QHSNCJ', '4', '2024-07-10', '2024-07-10', '0.00', '0.00', '0.00', '0.00', '0.00', '0.00', '', '', '1002', '1', 'eff', 1);
INSERT INTO `quot_products_used` (`quot_id`, `product_id`, `serial_no`, `description`, `rate`, `supplier_rate`, `total_price`, `discount_per`, `discount`, `tax`, `used_qty`) VALUES ('75NFNLCG3QHSNCJ', '', '', 'bcbxbx', '', '', '0.00', '', '', NULL, '1');
INSERT INTO `quotation_taxinfo` (`customer_id`, `date`, `relation_id`) VALUES ('4', '2024-07-10', 'item1002');
INSERT INTO `quotation_service_used` (`quot_id`, `service_id`, `charge`, `total`, `discount`, `discount_amount`, `tax`, `qty`) VALUES ('75NFNLCG3QHSNCJ', '', '', '0.00', '', '', NULL, '1');
INSERT INTO `quotation_taxinfo` (`customer_id`, `date`, `relation_id`) VALUES ('4', '2024-07-10', 'serv1002');
SET SESSION sql_mode = "";
SET SESSION sql_mode = "";
SET SESSION sql_mode = "";
SET SESSION sql_mode = "";
SET SESSION sql_mode = "";
UPDATE `quotation` SET `status` = 2
WHERE `quotation_id` = '75NFNLCG3QHSNCJ';
INSERT INTO `service_invoice` (`employee_id`, `customer_id`, `date`, `total_amount`, `total_tax`, `voucher_no`, `details`, `invoice_discount`, `total_discount`, `shipping_cost`, `paid_amount`, `due_amount`, `previous`) VALUES ('', '4', '2024-07-10', '0.00', '0.00', '2326788951', 'eff', '0.00', '0.00', '', '0.00', 0, '');
INSERT INTO `acc_transaction` (`VNo`, `Vtype`, `VDate`, `COAID`, `Narration`, `Debit`, `Credit`, `IsPosted`, `CreateBy`, `CreateDate`, `IsAppove`) VALUES ('2326788951', 'SERVICE', '2024-07-10 05:24:15', 304, 'Service Income For SERVICE No2326788951', 0, '0.00', 1, '1', '2024-07-10 05:24:15', 1);
INSERT INTO `acc_transaction` (`VNo`, `Vtype`, `VDate`, `COAID`, `Narration`, `Debit`, `Credit`, `IsPosted`, `CreateBy`, `CreateDate`, `IsAppove`) VALUES ('2326788951', 'SERVICE', '2024-07-10 05:24:15', '102030000004', 'Customer debit For service No2326788951', '0.00', 0, 1, '1', '2024-07-10 05:24:15', 1);
INSERT INTO `acc_transaction` (`VNo`, `Vtype`, `VDate`, `COAID`, `Narration`, `Debit`, `Credit`, `IsPosted`, `CreateBy`, `CreateDate`, `IsAppove`) VALUES ('2326788951', 'SERVICE', '2024-07-10 05:24:15', '102030000004', 'Customer credit for Paid Amount For Service No2326788951', 0, '0.00', 1, '1', '2024-07-10 05:24:15', 1);
INSERT INTO `acc_transaction` (`VNo`, `Vtype`, `VDate`, `COAID`, `Narration`, `Debit`, `Credit`, `IsPosted`, `CreateBy`, `CreateDate`, `IsAppove`) VALUES ('2326788951', 'SERVICE', '2024-07-10 05:24:15', 1020101, 'Cash in Hand For SERVICE No2326788951', '0.00', 0, 1, '1', '2024-07-10 05:24:15', 1);
INSERT INTO `tax_collection` (`customer_id`, `date`, `relation_id`) VALUES ('4', '2024-07-10', '2326788951');
SET SESSION sql_mode = "";
SET SESSION sql_mode = "";
SET SESSION sql_mode = "";
SET SESSION sql_mode = "";
SET SESSION sql_mode = "";
SET SESSION sql_mode = "";
SET SESSION sql_mode = "";
SET SESSION sql_mode = "";
SET SESSION sql_mode = "";
SET SESSION sql_mode = "";
SET SESSION sql_mode = "";
SET SESSION sql_mode = "";
SET SESSION sql_mode = "";
SET SESSION sql_mode = "";
SET SESSION sql_mode = "";
SET SESSION sql_mode = "";
SET SESSION sql_mode = "";
SET SESSION sql_mode = "";
SET SESSION sql_mode = "";
SET SESSION sql_mode = "";
SET SESSION sql_mode = "";
SET SESSION sql_mode = "";
SET SESSION sql_mode = "";
SET SESSION sql_mode = "";
SET SESSION sql_mode = "";
SET SESSION sql_mode = "";
SET SESSION sql_mode = "";
SET SESSION sql_mode = "";
SET SESSION sql_mode = "";
SET SESSION sql_mode = "";
SET SESSION sql_mode = "";
SET SESSION sql_mode = "";
SET SESSION sql_mode = "";
SET SESSION sql_mode = "";
SET SESSION sql_mode = "";
SET SESSION sql_mode = "";
SET SESSION sql_mode = "";
SET SESSION sql_mode = "";
SET SESSION sql_mode = "";
SET SESSION sql_mode = "";
SET SESSION sql_mode = "";
SET SESSION sql_mode = "";
SET SESSION sql_mode = "";
SET SESSION sql_mode = "";
SET SESSION sql_mode = "";
SET SESSION sql_mode = "";
SET SESSION sql_mode = "";
SET SESSION sql_mode = "";
SET SESSION sql_mode = "";
SET SESSION sql_mode = "";
SET SESSION sql_mode = "";
SET SESSION sql_mode = "";
SET SESSION sql_mode = "";
SET SESSION sql_mode = "";
SET SESSION sql_mode = "";
SET SESSION sql_mode = "";
SET SESSION sql_mode = "";
SET SESSION sql_mode = "";
SET SESSION sql_mode = "";
SET SESSION sql_mode = "";
SET SESSION sql_mode = "";
SET SESSION sql_mode = "";
SET SESSION sql_mode = "";
SET SESSION sql_mode = "";
SET SESSION sql_mode = "";
SET SESSION sql_mode = "";
SET SESSION sql_mode = "";
SET SESSION sql_mode = "";
SET SESSION sql_mode = "";
SET SESSION sql_mode = "";
SET SESSION sql_mode = "";
SET SESSION sql_mode = "";
SET SESSION sql_mode = "";
SET SESSION sql_mode = "";
SET SESSION sql_mode = "";
SET SESSION sql_mode = "";
SET SESSION sql_mode = "";
SET SESSION sql_mode = "";
SET SESSION sql_mode = "";
SET SESSION sql_mode = "";
SET SESSION sql_mode = "";
SET SESSION sql_mode = "";
SET SESSION sql_mode = "";
SET SESSION sql_mode = "";
SET SESSION sql_mode = "";
SET SESSION sql_mode = "";
SET SESSION sql_mode = "";
SET SESSION sql_mode = "";
SET SESSION sql_mode = "";
INSERT INTO `quotation` (`quotation_id`, `customer_id`, `quotdate`, `expire_date`, `item_total_amount`, `item_total_dicount`, `item_total_tax`, `service_total_amount`, `service_total_discount`, `service_total_tax`, `quot_dis_item`, `quot_dis_service`, `quot_no`, `create_by`, `quot_description`, `status`) VALUES ('DM1DEKMV62HKOC6', '4', '2024-07-10', '2024-07-10', '0.00', '0.00', '0.00', '10000.00', '0.00', '0.00', '', '', '1003', '1', 'q', 1);
INSERT INTO `quot_products_used` (`quot_id`, `product_id`, `serial_no`, `description`, `rate`, `supplier_rate`, `total_price`, `discount_per`, `discount`, `tax`, `used_qty`) VALUES ('DM1DEKMV62HKOC6', '', '', '', '', '', '0.00', '', '', NULL, '1');
INSERT INTO `quotation_taxinfo` (`customer_id`, `date`, `relation_id`) VALUES ('4', '2024-07-10', 'item1003');
INSERT INTO `quotation_service_used` (`quot_id`, `service_id`, `charge`, `total`, `discount`, `discount_amount`, `tax`, `qty`) VALUES ('DM1DEKMV62HKOC6', '', '10000', '10000', '', '0', NULL, '1');
INSERT INTO `quotation_taxinfo` (`customer_id`, `date`, `relation_id`) VALUES ('4', '2024-07-10', 'serv1003');
SET SESSION sql_mode = "";
SET SESSION sql_mode = "";
SET SESSION sql_mode = "";
DELETE FROM `quotation`
WHERE `quotation_id` = '75NFNLCG3QHSNCJ';
DELETE FROM `quot_products_used`
WHERE `quot_id` = '75NFNLCG3QHSNCJ';
DELETE FROM `quotation_service_used`
WHERE `quot_id` = '75NFNLCG3QHSNCJ';
SET SESSION sql_mode = "";
SET SESSION sql_mode = "";
SET SESSION sql_mode = "";
DELETE FROM `quotation`
WHERE `quotation_id` = '4HK2OOAZ4LDGMIG';
DELETE FROM `quot_products_used`
WHERE `quot_id` = '4HK2OOAZ4LDGMIG';
DELETE FROM `quotation_service_used`
WHERE `quot_id` = '4HK2OOAZ4LDGMIG';
SET SESSION sql_mode = "";
SET SESSION sql_mode = "";
SET SESSION sql_mode = "";
SET SESSION sql_mode = "";
SET SESSION sql_mode = "";
SET SESSION sql_mode = "";
SET SESSION sql_mode = "";
SET SESSION sql_mode = "";
SET SESSION sql_mode = "";
SET SESSION sql_mode = "";
SET SESSION sql_mode = "";
SET SESSION sql_mode = "";
SET SESSION sql_mode = "";
SET SESSION sql_mode = "";
SET SESSION sql_mode = "";
SET SESSION sql_mode = "";
SET SESSION sql_mode = "";
SET SESSION sql_mode = "";
SET SESSION sql_mode = "";
SET SESSION sql_mode = "";
SET SESSION sql_mode = "";
SET SESSION sql_mode = "";
SET SESSION sql_mode = "";
SET SESSION sql_mode = "";
SET SESSION sql_mode = "";
SET SESSION sql_mode = "";
SET SESSION sql_mode = "";
SET SESSION sql_mode = "";
SET SESSION sql_mode = "";
SET SESSION sql_mode = "";
SET SESSION sql_mode = "";
SET SESSION sql_mode = "";
SET SESSION sql_mode = "";
SET SESSION sql_mode = "";
DELETE FROM `service_invoice`
WHERE `voucher_no` = '3967312652';
DELETE FROM `service_invoice_details`
WHERE `service_inv_id` = '3967312652';
DELETE FROM `acc_transaction`
WHERE `VNo` = '3967312652';
SET SESSION sql_mode = "";
SET SESSION sql_mode = "";
SET SESSION sql_mode = "";
DELETE FROM `service_invoice`
WHERE `voucher_no` = '2326788951';
DELETE FROM `service_invoice_details`
WHERE `service_inv_id` = '2326788951';
DELETE FROM `acc_transaction`
WHERE `VNo` = '2326788951';
SET SESSION sql_mode = "";
SET SESSION sql_mode = "";
SET SESSION sql_mode = "";
DELETE FROM `service_invoice`
WHERE `voucher_no` = '8693292161';
DELETE FROM `service_invoice_details`
WHERE `service_inv_id` = '8693292161';
DELETE FROM `acc_transaction`
WHERE `VNo` = '8693292161';
SET SESSION sql_mode = "";
SET SESSION sql_mode = "";
SET SESSION sql_mode = "";
SET SESSION sql_mode = "";
SET SESSION sql_mode = "";
INSERT INTO `product_service` (`service_name`, `charge`, `description`) VALUES ('Change Body', '30000', 'Front and Back');
INSERT INTO `acc_coa` (`HeadCode`, `HeadName`, `PHeadName`, `HeadLevel`, `IsActive`, `IsTransaction`, `IsGL`, `HeadType`, `IsBudget`, `service_id`, `IsDepreciation`, `DepreciationRate`, `CreateBy`, `CreateDate`) VALUES (101080002, 'Change Body-2', 'Service Receive', '3', '1', '1', '0', 'A', '1', 2, '1', '1', '1', '2024-07-10 05:40:43');
SET SESSION sql_mode = "";
SET SESSION sql_mode = "";
SET SESSION sql_mode = "";
SET SESSION sql_mode = "";
SET SESSION sql_mode = "";
SET SESSION sql_mode = "";
SET SESSION sql_mode = "";
SET SESSION sql_mode = "";
INSERT INTO `quotation` (`quotation_id`, `customer_id`, `quotdate`, `expire_date`, `item_total_amount`, `item_total_dicount`, `item_total_tax`, `service_total_amount`, `service_total_discount`, `service_total_tax`, `quot_dis_item`, `quot_dis_service`, `quot_no`, `create_by`, `quot_description`, `status`) VALUES ('QYCZ3HCH1VXR8S4', '3', '2024-07-10', '2024-07-10', '0.00', '0.00', '0.00', '30000.00', '0.00', '0.00', '', '', '1004', '1', 'sa gilid gilid nga', 1);
INSERT INTO `quot_products_used` (`quot_id`, `product_id`, `serial_no`, `description`, `rate`, `supplier_rate`, `total_price`, `discount_per`, `discount`, `tax`, `used_qty`) VALUES ('QYCZ3HCH1VXR8S4', '', '', '', '', '', '0.00', '', '', NULL, '1');
INSERT INTO `quotation_taxinfo` (`customer_id`, `date`, `relation_id`) VALUES ('3', '2024-07-10', 'item1004');
INSERT INTO `quotation_service_used` (`quot_id`, `service_id`, `charge`, `total`, `discount`, `discount_amount`, `tax`, `qty`) VALUES ('QYCZ3HCH1VXR8S4', '', '30000', '30000', '', '0', NULL, '1');
INSERT INTO `quotation_taxinfo` (`customer_id`, `date`, `relation_id`) VALUES ('3', '2024-07-10', 'serv1004');
SET SESSION sql_mode = "";
SET SESSION sql_mode = "";
SET SESSION sql_mode = "";
SET SESSION sql_mode = "";
SET SESSION sql_mode = "";
UPDATE `quotation` SET `status` = 2
WHERE `quotation_id` = 'QYCZ3HCH1VXR8S4';
INSERT INTO `service_invoice` (`employee_id`, `customer_id`, `date`, `total_amount`, `total_tax`, `voucher_no`, `details`, `invoice_discount`, `total_discount`, `shipping_cost`, `paid_amount`, `due_amount`, `previous`) VALUES ('', '3', '2024-07-10', '30000.00', '0.00', '7853799752', 'sa gilid gilid nga', '0.00', '0.00', '', '30000.00', 0, '');
INSERT INTO `acc_transaction` (`VNo`, `Vtype`, `VDate`, `COAID`, `Narration`, `Debit`, `Credit`, `IsPosted`, `CreateBy`, `CreateDate`, `IsAppove`) VALUES ('7853799752', 'SERVICE', '2024-07-10 05:41:33', 304, 'Service Income For SERVICE No7853799752', 0, '30000.00', 1, '1', '2024-07-10 05:41:33', 1);
INSERT INTO `acc_transaction` (`VNo`, `Vtype`, `VDate`, `COAID`, `Narration`, `Debit`, `Credit`, `IsPosted`, `CreateBy`, `CreateDate`, `IsAppove`) VALUES ('7853799752', 'SERVICE', '2024-07-10 05:41:33', '102030000003', 'Customer debit For service No7853799752', '30000.00', 0, 1, '1', '2024-07-10 05:41:33', 1);
INSERT INTO `acc_transaction` (`VNo`, `Vtype`, `VDate`, `COAID`, `Narration`, `Debit`, `Credit`, `IsPosted`, `CreateBy`, `CreateDate`, `IsAppove`) VALUES ('7853799752', 'SERVICE', '2024-07-10 05:41:33', '102030000003', 'Customer credit for Paid Amount For Service No7853799752', 0, '30000.00', 1, '1', '2024-07-10 05:41:33', 1);
INSERT INTO `acc_transaction` (`VNo`, `Vtype`, `VDate`, `COAID`, `Narration`, `Debit`, `Credit`, `IsPosted`, `CreateBy`, `CreateDate`, `IsAppove`) VALUES ('7853799752', 'SERVICE', '2024-07-10 05:41:33', 1020101, 'Cash in Hand For SERVICE No7853799752', '30000.00', 0, 1, '1', '2024-07-10 05:41:33', 1);
INSERT INTO `tax_collection` (`customer_id`, `date`, `relation_id`) VALUES ('3', '2024-07-10', '7853799752');
SET SESSION sql_mode = "";
SET SESSION sql_mode = "";
SET SESSION sql_mode = "";
SET SESSION sql_mode = "";
SET SESSION sql_mode = "";
SET SESSION sql_mode = "";
SET SESSION sql_mode = "";
DELETE FROM `acc_transaction`
WHERE `VNo` = '7853799752';
DELETE FROM `service_invoice_details`
WHERE `service_inv_id` = '7853799752';
DELETE FROM `tax_collection`
WHERE `relation_id` = '7853799752';
SET SESSION sql_mode = "";
SET SESSION sql_mode = "";
SET SESSION sql_mode = "";
SET SESSION sql_mode = "";
SET SESSION sql_mode = "";
SET SESSION sql_mode = "";
SET SESSION sql_mode = "";
SET SESSION sql_mode = "";
SET SESSION sql_mode = "";
SET SESSION sql_mode = "";
SET SESSION sql_mode = "";
SET SESSION sql_mode = "";
SET SESSION sql_mode = "";
INSERT INTO `quotation` (`quotation_id`, `customer_id`, `quotdate`, `expire_date`, `item_total_amount`, `item_total_dicount`, `item_total_tax`, `service_total_amount`, `service_total_discount`, `service_total_tax`, `quot_dis_item`, `quot_dis_service`, `quot_no`, `create_by`, `quot_description`, `status`) VALUES ('IQF2DY3PR15HZIH', '4', '2024-07-10', '2024-07-10', '0.00', '0.00', '0.00', '0.00', '0.00', '0.00', '', '', '1005', '1', 'CHANGE BODY', 1);
INSERT INTO `quot_products_used` (`quot_id`, `product_id`, `serial_no`, `description`, `rate`, `supplier_rate`, `total_price`, `discount_per`, `discount`, `tax`, `used_qty`) VALUES ('IQF2DY3PR15HZIH', '', '', '', '', '', '0.00', '', '', NULL, '1');
INSERT INTO `quotation_taxinfo` (`customer_id`, `date`, `relation_id`) VALUES ('4', '2024-07-10', 'item1005');
INSERT INTO `quotation_service_used` (`quot_id`, `service_id`, `charge`, `total`, `discount`, `discount_amount`, `tax`, `qty`) VALUES ('IQF2DY3PR15HZIH', '2', '30000.00', '0', '', '', NULL, '1');
INSERT INTO `quotation_taxinfo` (`customer_id`, `date`, `relation_id`) VALUES ('4', '2024-07-10', 'serv1005');
SET SESSION sql_mode = "";
SET SESSION sql_mode = "";
SET SESSION sql_mode = "";
SET SESSION sql_mode = "";
SET SESSION sql_mode = "";
UPDATE `quotation` SET `quotation_id` = 'IQF2DY3PR15HZIH', `customer_id` = '4', `quotdate` = '2024-07-10', `expire_date` = '2024-07-10', `item_total_amount` = NULL, `item_total_dicount` = NULL, `item_total_tax` = NULL, `service_total_amount` = '30000.00', `service_total_discount` = '0.00', `service_total_tax` = '0.00', `quot_dis_item` = NULL, `quot_dis_service` = '0.00', `quot_no` = '1005', `create_by` = '1', `quot_description` = 'CHANGE BODY', `status` = 1
WHERE `quotation_id` = 'IQF2DY3PR15HZIH';
DELETE FROM `quot_products_used`
WHERE `quot_id` = 'IQF2DY3PR15HZIH';
DELETE FROM `quotation_service_used`
WHERE `quot_id` = 'IQF2DY3PR15HZIH';
INSERT INTO `quotation_taxinfo` (`customer_id`, `date`, `relation_id`) VALUES ('4', '2024-07-10', 'item1005');
INSERT INTO `quotation_service_used` (`quot_id`, `service_id`, `charge`, `total`, `discount`, `discount_amount`, `tax`, `qty`) VALUES ('IQF2DY3PR15HZIH', '', '30000', '30000', '', '0', NULL, NULL);
INSERT INTO `quotation_taxinfo` (`customer_id`, `date`, `relation_id`) VALUES ('4', '2024-07-10', 'serv1005');
SET SESSION sql_mode = "";
SET SESSION sql_mode = "";
SET SESSION sql_mode = "";
SET SESSION sql_mode = "";
SET SESSION sql_mode = "";
SET SESSION sql_mode = "";
SET SESSION sql_mode = "";
SET SESSION sql_mode = "";
SET SESSION sql_mode = "";
UPDATE `quotation` SET `status` = 2
WHERE `quotation_id` = 'IQF2DY3PR15HZIH';
INSERT INTO `service_invoice` (`employee_id`, `customer_id`, `date`, `total_amount`, `total_tax`, `voucher_no`, `details`, `invoice_discount`, `total_discount`, `shipping_cost`, `paid_amount`, `due_amount`, `previous`) VALUES ('', '4', '2024-07-10', '30000.00', '0.00', '6139313612', 'CHANGE BODY', '0.00', '0.00', '', '30000.00', 0, '');
INSERT INTO `acc_transaction` (`VNo`, `Vtype`, `VDate`, `COAID`, `Narration`, `Debit`, `Credit`, `IsPosted`, `CreateBy`, `CreateDate`, `IsAppove`) VALUES ('6139313612', 'SERVICE', '2024-07-10 05:44:10', 304, 'Service Income For SERVICE No6139313612', 0, '30000.00', 1, '1', '2024-07-10 05:44:10', 1);
INSERT INTO `acc_transaction` (`VNo`, `Vtype`, `VDate`, `COAID`, `Narration`, `Debit`, `Credit`, `IsPosted`, `CreateBy`, `CreateDate`, `IsAppove`) VALUES ('6139313612', 'SERVICE', '2024-07-10 05:44:10', '102030000004', 'Customer debit For service No6139313612', '30000.00', 0, 1, '1', '2024-07-10 05:44:10', 1);
INSERT INTO `acc_transaction` (`VNo`, `Vtype`, `VDate`, `COAID`, `Narration`, `Debit`, `Credit`, `IsPosted`, `CreateBy`, `CreateDate`, `IsAppove`) VALUES ('6139313612', 'SERVICE', '2024-07-10 05:44:10', '102030000004', 'Customer credit for Paid Amount For Service No6139313612', 0, '30000.00', 1, '1', '2024-07-10 05:44:10', 1);
INSERT INTO `acc_transaction` (`VNo`, `Vtype`, `VDate`, `COAID`, `Narration`, `Debit`, `Credit`, `IsPosted`, `CreateBy`, `CreateDate`, `IsAppove`) VALUES ('6139313612', 'SERVICE', '2024-07-10 05:44:10', 1020101, 'Cash in Hand For SERVICE No6139313612', '30000.00', 0, 1, '1', '2024-07-10 05:44:10', 1);
INSERT INTO `tax_collection` (`customer_id`, `date`, `relation_id`) VALUES ('4', '2024-07-10', '6139313612');
SET SESSION sql_mode = "";
SET SESSION sql_mode = "";
SET SESSION sql_mode = "";
SET SESSION sql_mode = "";
SET SESSION sql_mode = "";
SET SESSION sql_mode = "";
SET SESSION sql_mode = "";
SET SESSION sql_mode = "";
SET SESSION sql_mode = "";
SET SESSION sql_mode = "";
SET SESSION sql_mode = "";
SET SESSION sql_mode = "";
SET SESSION sql_mode = "";
SET SESSION sql_mode = "";
SET SESSION sql_mode = "";
SET SESSION sql_mode = "";
SET SESSION sql_mode = "";
SET SESSION sql_mode = "";
SET SESSION sql_mode = "";
SET SESSION sql_mode = "";
SET SESSION sql_mode = "";
SET SESSION sql_mode = "";
SET SESSION sql_mode = "";
SET SESSION sql_mode = "";
SET SESSION sql_mode = "";
SET SESSION sql_mode = "";
SET SESSION sql_mode = "";
SET SESSION sql_mode = "";
SET SESSION sql_mode = "";
SET SESSION sql_mode = "";
SET SESSION sql_mode = "";
SET SESSION sql_mode = "";
SET SESSION sql_mode = "";
SET SESSION sql_mode = "";
SET SESSION sql_mode = "";
SET SESSION sql_mode = "";
SET SESSION sql_mode = "";
SET SESSION sql_mode = "";
SET SESSION sql_mode = "";
SET SESSION sql_mode = "";
SET SESSION sql_mode = "";
SET SESSION sql_mode = "";
SET SESSION sql_mode = "";
SET SESSION sql_mode = "";
SET SESSION sql_mode = "";
SET SESSION sql_mode = "";
SET SESSION sql_mode = "";
SET SESSION sql_mode = "";
SET SESSION sql_mode = "";
SET SESSION sql_mode = "";
SET SESSION sql_mode = "";
SET SESSION sql_mode = "";
SET SESSION sql_mode = "";
SET SESSION sql_mode = "";
SET SESSION sql_mode = "";
SET SESSION sql_mode = "";
SET SESSION sql_mode = "";
SET SESSION sql_mode = "";
SET SESSION sql_mode = "";
SET SESSION sql_mode = "";
SET SESSION sql_mode = "";
SET SESSION sql_mode = "";
SET SESSION sql_mode = "";
SET SESSION sql_mode = "";
SET SESSION sql_mode = "";
SET SESSION sql_mode = "";
SET SESSION sql_mode = "";
SET SESSION sql_mode = "";
SET SESSION sql_mode = "";
SET SESSION sql_mode = "";
SET SESSION sql_mode = "";
SET SESSION sql_mode = "";
SET SESSION sql_mode = "";
SET SESSION sql_mode = "";
SET SESSION sql_mode = "";
SET SESSION sql_mode = "";
SET SESSION sql_mode = "";
SET SESSION sql_mode = "";
SET SESSION sql_mode = "";
SET SESSION sql_mode = "";
SET SESSION sql_mode = "";
SET SESSION sql_mode = "";
SET SESSION sql_mode = "";
SET SESSION sql_mode = "";
SET SESSION sql_mode = "";
SET SESSION sql_mode = "";
SET SESSION sql_mode = "";
SET SESSION sql_mode = "";
INSERT INTO `daily_closing` (`last_day_closing`, `cash_in`, `cash_out`, `date`, `amount`, `status`) VALUES ('0.00', '30000.00', '10080000.00', '2024-07-10', '-10050000.00', 1);
SET SESSION sql_mode = "";
SET SESSION sql_mode = "";
SET SESSION sql_mode = "";
SET SESSION sql_mode = "";
SET SESSION sql_mode = "";
SET SESSION sql_mode = "";
SET SESSION sql_mode = "";
SET SESSION sql_mode = "";
SET SESSION sql_mode = "";
SET SESSION sql_mode = "";
SET SESSION sql_mode = "";
SET SESSION sql_mode = "";
SET SESSION sql_mode = "";
SET SESSION sql_mode = "";
SET SESSION sql_mode = "";
SET SESSION sql_mode = "";
SET SESSION sql_mode = "";
SET SESSION sql_mode = "";
SET SESSION sql_mode = "";
SET SESSION sql_mode = "";
SET SESSION sql_mode = "";
SET SESSION sql_mode = "";
SET SESSION sql_mode = "";
SET SESSION sql_mode = "";
SET SESSION sql_mode = "";
SET SESSION sql_mode = "";
SET SESSION sql_mode = "";
SET SESSION sql_mode = "";
SET SESSION sql_mode = "";
SET SESSION sql_mode = "";
SET SESSION sql_mode = "";
SET SESSION sql_mode = "";
SET SESSION sql_mode = "";
SET SESSION sql_mode = "";
SET SESSION sql_mode = "";
SET SESSION sql_mode = "";
SET SESSION sql_mode = "";
SET SESSION sql_mode = "";
SET SESSION sql_mode = "";
INSERT INTO `product_information` (`product_id`, `product_name`, `category_id`, `unit`, `tax`, `serial_no`, `price`, `product_model`, `product_details`, `image`, `status`) VALUES ('60598493', 'Jacket', '2', 'piece', 0, '', '5000', 'New', 'nice', './my-assets/image/product/2024-07-10/0793ffde8b29a22e757449b9979dabe3.jpg', 1);
INSERT INTO `supplier_product` (`product_id`, `supplier_id`, `supplier_price`, `products_model`) VALUES ('60598493', '1', '3000', 'New');
SET SESSION sql_mode = "";
SET SESSION sql_mode = "";
SET SESSION sql_mode = "";
SET SESSION sql_mode = "";
SET SESSION sql_mode = "";
SET SESSION sql_mode = "";
UPDATE `product_information` SET `product_id` = '60598493', `product_name` = 'Jacket', `category_id` = '2', `unit` = 'piece', `tax` = 0, `serial_no` = '10', `price` = '5000', `product_model` = 'New', `product_details` = 'nice', `image` = './my-assets/image/product/2024-07-10/0793ffde8b29a22e757449b9979dabe3.jpg', `status` = 1
WHERE `product_id` = '60598493';
DELETE FROM `supplier_product`
WHERE `product_id` = '60598493';
INSERT INTO `supplier_product` (`product_id`, `supplier_id`, `supplier_price`, `products_model`) VALUES ('60598493', '1', '3000', 'New');
SET SESSION sql_mode = "";
SET SESSION sql_mode = "";
SET SESSION sql_mode = "";
SET SESSION sql_mode = "";
SET SESSION sql_mode = "";
SET SESSION sql_mode = "";
INSERT INTO `product_information` (`product_id`, `product_name`, `category_id`, `unit`, `tax`, `serial_no`, `price`, `product_model`, `product_details`, `image`, `status`) VALUES ('55503952', 'Pants', '2', 'piece', 0, '3', '6000', 'New', 'nice', './my-assets/image/product/2024-07-10/2dfaa0b247d770bfc133b8ab3e882098.jpg', 1);
INSERT INTO `supplier_product` (`product_id`, `supplier_id`, `supplier_price`, `products_model`) VALUES ('55503952', '1', '4000', 'New');
SET SESSION sql_mode = "";
SET SESSION sql_mode = "";
SET SESSION sql_mode = "";
SET SESSION sql_mode = "";
SET SESSION sql_mode = "";
SET SESSION sql_mode = "";
INSERT INTO `product_information` (`product_id`, `product_name`, `category_id`, `unit`, `tax`, `serial_no`, `price`, `product_model`, `product_details`, `image`, `status`) VALUES ('48246504', 'Helmet', '2', 'piece', 0, '3', '6000', 'New', 'nice', './my-assets/image/product/2024-07-10/c87a949ede7ca41ac951212f079ed10c.jpg', 1);
INSERT INTO `supplier_product` (`product_id`, `supplier_id`, `supplier_price`, `products_model`) VALUES ('48246504', '1', '3500', 'New');
SET SESSION sql_mode = "";
SET SESSION sql_mode = "";
SET SESSION sql_mode = "";
SET SESSION sql_mode = "";
SET SESSION sql_mode = "";
SET SESSION sql_mode = "";
SET SESSION sql_mode = "";
SET SESSION sql_mode = "";
SET SESSION sql_mode = "";
SET SESSION sql_mode = "";
SET SESSION sql_mode = "";
SET SESSION sql_mode = "";
SET SESSION sql_mode = "";
SET SESSION sql_mode = "";
SET SESSION sql_mode = "";
SET SESSION sql_mode = "";
SET SESSION sql_mode = "";
SET SESSION sql_mode = "";
SET SESSION sql_mode = "";
SET SESSION sql_mode = "";
SET SESSION sql_mode = "";
SET SESSION sql_mode = "";
SET SESSION sql_mode = "";
SET SESSION sql_mode = "";
SET SESSION sql_mode = "";
SET SESSION sql_mode = "";
SET SESSION sql_mode = "";
SET SESSION sql_mode = "";
SET SESSION sql_mode = "";
SET SESSION sql_mode = "";
SET SESSION sql_mode = "";
SET SESSION sql_mode = "";
SET SESSION sql_mode = "";
SET SESSION sql_mode = "";
SET SESSION sql_mode = "";
SET SESSION sql_mode = "";
SET SESSION sql_mode = "";
SET SESSION sql_mode = "";
SET SESSION sql_mode = "";
SET SESSION sql_mode = "";
SET SESSION sql_mode = "";
SET SESSION sql_mode = "";
SET SESSION sql_mode = "";
SET SESSION sql_mode = "";
SET SESSION sql_mode = "";
SET SESSION sql_mode = "";
SET SESSION sql_mode = "";
SET SESSION sql_mode = "";
SET SESSION sql_mode = "";
SET SESSION sql_mode = "";
SET SESSION sql_mode = "";
SET SESSION sql_mode = "";
SET SESSION sql_mode = "";
SET SESSION sql_mode = "";
SET SESSION sql_mode = "";
SET SESSION sql_mode = "";
SET SESSION sql_mode = "";
SET SESSION sql_mode = "";
SET SESSION sql_mode = "";
SET SESSION sql_mode = "";
SET SESSION sql_mode = "";
SET SESSION sql_mode = "";
SET SESSION sql_mode = "";
SET SESSION sql_mode = "";
SET SESSION sql_mode = "";
SET SESSION sql_mode = "";
SET SESSION sql_mode = "";
SET SESSION sql_mode = "";
SET SESSION sql_mode = "";
SET SESSION sql_mode = "";
SET SESSION sql_mode = "";
SET SESSION sql_mode = "";
SET SESSION sql_mode = "";
SET SESSION sql_mode = "";
SET SESSION sql_mode = "";
INSERT INTO `product_purchase` (`purchase_id`, `chalan_no`, `supplier_id`, `grand_total_amount`, `total_discount`, `purchase_date`, `purchase_details`, `paid_amount`, `due_amount`, `status`, `bank_id`, `payment_type`) VALUES ('20240710085413', '33', '1', '60000000.00', '', '2024-07-10', '33', '60000000.00', '0', 1, '', '1');
INSERT INTO `acc_transaction` (`VNo`, `Vtype`, `VDate`, `COAID`, `Narration`, `Debit`, `Credit`, `IsPosted`, `CreateBy`, `CreateDate`, `IsAppove`) VALUES ('20240710085413', 'Purchase', '2024-07-10', 10107, 'Inventory Debit For Supplier Suzuki', '60000000.00', 0, 1, '1', '2024-07-10 08:54:13', 1);
INSERT INTO `acc_transaction` (`VNo`, `Vtype`, `VDate`, `COAID`, `Narration`, `Debit`, `Credit`, `IsPosted`, `CreateBy`, `CreateDate`, `IsAppove`) VALUES ('20240710085413', 'Purchase', '2024-07-10', '502000001', 'Supplier .Suzuki', 0, '60000000.00', 1, '1', '2024-07-10', 1);
INSERT INTO `acc_transaction` (`VNo`, `Vtype`, `VDate`, `COAID`, `Narration`, `Debit`, `Credit`, `IsPosted`, `CreateBy`, `CreateDate`, `IsAppove`) VALUES ('20240710085413', 'Purchase', '2024-07-10', 1020101, 'Cash in Hand For Supplier Suzuki', 0, '60000000.00', 1, '1', '2024-07-10 08:54:13', 1);
INSERT INTO `acc_transaction` (`VNo`, `Vtype`, `VDate`, `COAID`, `Narration`, `Debit`, `Credit`, `IsPosted`, `CreateBy`, `CreateDate`, `IsAppove`) VALUES ('20240710085413', 'Purchase', '2024-07-10', '502000001', 'Supplier .Suzuki', '60000000.00', 0, 1, '1', '2024-07-10', 1);
INSERT INTO `product_purchase_details` (`purchase_detail_id`, `purchase_id`, `product_id`, `quantity`, `rate`, `total_amount`, `discount`, `status`) VALUES ('XLSQLIPJ3ETUJYM', '20240710085413', '60598493', '20000', '3000', '60000000.00', '', 1);
SET SESSION sql_mode = "";
SET SESSION sql_mode = "";
SET SESSION sql_mode = "";
SET SESSION sql_mode = "";
SET SESSION sql_mode = "";
SET SESSION sql_mode = "";
SET SESSION sql_mode = "";
SET SESSION sql_mode = "";
SET SESSION sql_mode = "";
SET SESSION sql_mode = "";
SET SESSION sql_mode = "";
SET SESSION sql_mode = "";
SET SESSION sql_mode = "";
SET SESSION sql_mode = "";
SET SESSION sql_mode = "";
SET SESSION sql_mode = "";
SET SESSION sql_mode = "";
SET SESSION sql_mode = "";
SET SESSION sql_mode = "";
SET SESSION sql_mode = "";
SET SESSION sql_mode = "";
SET SESSION sql_mode = "";
SET SESSION sql_mode = "";
SET SESSION sql_mode = "";
SET SESSION sql_mode = "";
SET SESSION sql_mode = "";
SET SESSION sql_mode = "";
SET SESSION sql_mode = "";
INSERT INTO `product_purchase` (`purchase_id`, `chalan_no`, `supplier_id`, `grand_total_amount`, `total_discount`, `purchase_date`, `purchase_details`, `paid_amount`, `due_amount`, `status`, `bank_id`, `payment_type`) VALUES ('20240710085626', '22', '1', '105000000.00', '', '2024-07-10', '5654', '105000000.00', '0', 1, '', '1');
INSERT INTO `acc_transaction` (`VNo`, `Vtype`, `VDate`, `COAID`, `Narration`, `Debit`, `Credit`, `IsPosted`, `CreateBy`, `CreateDate`, `IsAppove`) VALUES ('20240710085626', 'Purchase', '2024-07-10', 10107, 'Inventory Debit For Supplier Suzuki', '105000000.00', 0, 1, '1', '2024-07-10 08:56:26', 1);
INSERT INTO `acc_transaction` (`VNo`, `Vtype`, `VDate`, `COAID`, `Narration`, `Debit`, `Credit`, `IsPosted`, `CreateBy`, `CreateDate`, `IsAppove`) VALUES ('20240710085626', 'Purchase', '2024-07-10', '502000001', 'Supplier .Suzuki', 0, '105000000.00', 1, '1', '2024-07-10', 1);
INSERT INTO `acc_transaction` (`VNo`, `Vtype`, `VDate`, `COAID`, `Narration`, `Debit`, `Credit`, `IsPosted`, `CreateBy`, `CreateDate`, `IsAppove`) VALUES ('20240710085626', 'Purchase', '2024-07-10', 1020101, 'Cash in Hand For Supplier Suzuki', 0, '105000000.00', 1, '1', '2024-07-10 08:56:26', 1);
INSERT INTO `acc_transaction` (`VNo`, `Vtype`, `VDate`, `COAID`, `Narration`, `Debit`, `Credit`, `IsPosted`, `CreateBy`, `CreateDate`, `IsAppove`) VALUES ('20240710085626', 'Purchase', '2024-07-10', '502000001', 'Supplier .Suzuki', '105000000.00', 0, 1, '1', '2024-07-10', 1);
INSERT INTO `product_purchase_details` (`purchase_detail_id`, `purchase_id`, `product_id`, `quantity`, `rate`, `total_amount`, `discount`, `status`) VALUES ('IEFOTL1EKBLYYXZ', '20240710085626', '48246504', '30000', '3500', '105000000.00', '', 1);
SET SESSION sql_mode = "";
SET SESSION sql_mode = "";
SET SESSION sql_mode = "";
SET SESSION sql_mode = "";
SET SESSION sql_mode = "";
SET SESSION sql_mode = "";
SET SESSION sql_mode = "";
SET SESSION sql_mode = "";
SET SESSION sql_mode = "";
SET SESSION sql_mode = "";
SET SESSION sql_mode = "";
SET SESSION sql_mode = "";
SET SESSION sql_mode = "";
SET SESSION sql_mode = "";
SET SESSION sql_mode = "";
SET SESSION sql_mode = "";
SET SESSION sql_mode = "";
SET SESSION sql_mode = "";
SET SESSION sql_mode = "";
SET SESSION sql_mode = "";
SET SESSION sql_mode = "";
SET SESSION sql_mode = "";
SET SESSION sql_mode = "";
SET SESSION sql_mode = "";
SET SESSION sql_mode = "";
SET SESSION sql_mode = "";
SET SESSION sql_mode = "";
SET SESSION sql_mode = "";
SET SESSION sql_mode = "";
SET SESSION sql_mode = "";
SET SESSION sql_mode = "";
INSERT INTO `customer_information` (`customer_name`, `customer_address`, `customer_mobile`, `customer_email`, `status`) VALUES ('Chico', '4646464', '090909', 'cashier@wheeltech.com', 1);
INSERT INTO `acc_coa` (`HeadCode`, `HeadName`, `PHeadName`, `HeadLevel`, `IsActive`, `IsTransaction`, `IsGL`, `HeadType`, `IsBudget`, `IsDepreciation`, `customer_id`, `DepreciationRate`, `CreateBy`, `CreateDate`) VALUES (102030000005, '5-Chico', 'Customer Receivable', '4', '1', '1', '0', 'A', '0', '0', 5, '0', '1', '2024-07-10 08:57:45');
SET SESSION sql_mode = "";
INSERT INTO `invoice` (`invoice_id`, `customer_id`, `date`, `total_amount`, `total_tax`, `invoice`, `invoice_details`, `invoice_discount`, `total_discount`, `paid_amount`, `due_amount`, `prevous_due`, `shipping_cost`, `sales_by`, `status`, `payment_type`, `bank_id`) VALUES ('8891925911', '5', '2024-07-10', '82000.00', '0.00', '1004', 'Thank you for shopping with us', '', '0.00', '', '82000.00', '0.00', '', '1', 1, '1', NULL);
INSERT INTO `acc_transaction` (`VNo`, `Vtype`, `VDate`, `COAID`, `Narration`, `Debit`, `Credit`, `IsPosted`, `CreateBy`, `CreateDate`, `IsAppove`) VALUES ('8891925911', 'INV', '2024-07-10 08:57:52', 10107, 'Inventory credit For Invoice No', 0, 14360, 1, '1', '2024-07-10 08:57:52', 1);
INSERT INTO `acc_transaction` (`VNo`, `Vtype`, `VDate`, `COAID`, `Narration`, `Debit`, `Credit`, `IsPosted`, `CreateBy`, `CreateDate`, `IsAppove`) VALUES ('8891925911', 'INV', '2024-07-10 08:57:52', '102030000005', 'Customer debit For Invoice No -   Customer Chico', 82000, 0, 1, '1', '2024-07-10 08:57:52', 1);
INSERT INTO `acc_transaction` (`VNo`, `Vtype`, `VDate`, `COAID`, `Narration`, `Debit`, `Credit`, `IsPosted`, `CreateBy`, `CreateDate`, `IsAppove`) VALUES ('8891925911', 'INVOICE', '2024-07-10 08:57:52', 303, 'Sale Income For Invoice NO -  Customer Chico', 0, 67640, 1, '1', '2024-07-10 08:57:52', 1);
INSERT INTO `acc_transaction` (`VNo`, `Vtype`, `VDate`, `COAID`, `Narration`, `Debit`, `Credit`, `IsPosted`, `CreateBy`, `CreateDate`, `IsAppove`) VALUES ('8891925911', 'INVOICE', '2024-07-10 08:57:52', 50203, 'Sale Income For Invoice NO -  Customer Chico', '0.00', 0, 1, '1', '2024-07-10 08:57:52', 1);
INSERT INTO `invoice_details` (`invoice_details_id`, `invoice_id`, `product_id`, `serial_no`, `quantity`, `rate`, `discount`, `description`, `discount_per`, `tax`, `paid_amount`, `due_amount`, `supplier_rate`, `total_price`, `status`) VALUES ('758217714295683', '8891925911', '43066325', NULL, '2', '10000', 0, NULL, '', NULL, '', '82000.00', '80.000000', '20000', 1);
INSERT INTO `invoice_details` (`invoice_details_id`, `invoice_id`, `product_id`, `serial_no`, `quantity`, `rate`, `discount`, `description`, `discount_per`, `tax`, `paid_amount`, `due_amount`, `supplier_rate`, `total_price`, `status`) VALUES ('478286645172383', '8891925911', '39337913', NULL, '2', '10000', 0, NULL, '', NULL, '', '82000.00', '100.000000', '20000', 1);
INSERT INTO `invoice_details` (`invoice_details_id`, `invoice_id`, `product_id`, `serial_no`, `quantity`, `rate`, `discount`, `description`, `discount_per`, `tax`, `paid_amount`, `due_amount`, `supplier_rate`, `total_price`, `status`) VALUES ('696736265271348', '8891925911', '48246504', NULL, '2', '6000', 0, NULL, '', NULL, '', '82000.00', '3500.000000', '12000', 1);
INSERT INTO `invoice_details` (`invoice_details_id`, `invoice_id`, `product_id`, `serial_no`, `quantity`, `rate`, `discount`, `description`, `discount_per`, `tax`, `paid_amount`, `due_amount`, `supplier_rate`, `total_price`, `status`) VALUES ('257778822352692', '8891925911', '60598493', NULL, '2', '5000', 0, NULL, '', NULL, '', '82000.00', '3000.000000', '10000', 1);
INSERT INTO `invoice_details` (`invoice_details_id`, `invoice_id`, `product_id`, `serial_no`, `quantity`, `rate`, `discount`, `description`, `discount_per`, `tax`, `paid_amount`, `due_amount`, `supplier_rate`, `total_price`, `status`) VALUES ('652864177164618', '8891925911', '35694580', NULL, '2', '10000', 0, NULL, '', NULL, '', '82000.00', '500.000000', '20000', 1);
SET SESSION sql_mode = "";
SET SESSION sql_mode = "";
SET SESSION sql_mode = "";
SET SESSION sql_mode = "";
SET SESSION sql_mode = "";
SET SESSION sql_mode = "";
SET SESSION sql_mode = "";
SET SESSION sql_mode = "";
SET SESSION sql_mode = "";
SET SESSION sql_mode = "";
SET SESSION sql_mode = "";
SET SESSION sql_mode = "";
SET SESSION sql_mode = "";
INSERT INTO `invoice` (`invoice_id`, `customer_id`, `date`, `total_amount`, `total_tax`, `invoice`, `invoice_details`, `invoice_discount`, `total_discount`, `paid_amount`, `due_amount`, `prevous_due`, `shipping_cost`, `sales_by`, `status`, `payment_type`, `bank_id`) VALUES ('1416357847', '1', '2024-07-10', '41000.00', '0.00', '1005', 'Thank you for shopping with us', '', '0.00', '41000.00', '0', '0.00', '', '1', 1, '1', NULL);
INSERT INTO `acc_transaction` (`VNo`, `Vtype`, `VDate`, `COAID`, `Narration`, `Debit`, `Credit`, `IsPosted`, `CreateBy`, `CreateDate`, `IsAppove`) VALUES ('1416357847', 'INV', '2024-07-10 08:59:28', 10107, 'Inventory credit For Invoice No', 0, 7180, 1, '1', '2024-07-10 08:59:28', 1);
INSERT INTO `acc_transaction` (`VNo`, `Vtype`, `VDate`, `COAID`, `Narration`, `Debit`, `Credit`, `IsPosted`, `CreateBy`, `CreateDate`, `IsAppove`) VALUES ('1416357847', 'INV', '2024-07-10 08:59:28', '102030000001', 'Customer debit For Invoice No -   Customer Walking Customer', 41000, 0, 1, '1', '2024-07-10 08:59:28', 1);
INSERT INTO `acc_transaction` (`VNo`, `Vtype`, `VDate`, `COAID`, `Narration`, `Debit`, `Credit`, `IsPosted`, `CreateBy`, `CreateDate`, `IsAppove`) VALUES ('1416357847', 'INVOICE', '2024-07-10 08:59:28', 303, 'Sale Income For Invoice NO -  Customer Walking Customer', 0, 33820, 1, '1', '2024-07-10 08:59:28', 1);
INSERT INTO `acc_transaction` (`VNo`, `Vtype`, `VDate`, `COAID`, `Narration`, `Debit`, `Credit`, `IsPosted`, `CreateBy`, `CreateDate`, `IsAppove`) VALUES ('1416357847', 'INVOICE', '2024-07-10 08:59:28', 50203, 'Sale Income For Invoice NO -  Customer Walking Customer', '0.00', 0, 1, '1', '2024-07-10 08:59:28', 1);
INSERT INTO `acc_transaction` (`VNo`, `Vtype`, `VDate`, `COAID`, `Narration`, `Debit`, `Credit`, `IsPosted`, `CreateBy`, `CreateDate`, `IsAppove`) VALUES ('1416357847', 'INV', '2024-07-10 08:59:28', '102030000001', 'Customer credit for Paid Amount For Customer Invoice NO-  Customer- Walking Customer', 0, '41000.00', 1, '1', '2024-07-10 08:59:28', 1);
INSERT INTO `acc_transaction` (`VNo`, `Vtype`, `VDate`, `COAID`, `Narration`, `Debit`, `Credit`, `IsPosted`, `CreateBy`, `CreateDate`, `IsAppove`) VALUES ('1416357847', 'INV', '2024-07-10 08:59:28', 1020101, 'Cash in Hand in Sale for Invoice No -  customer- Walking Customer', '41000.00', 0, 1, '1', '2024-07-10 08:59:28', 1);
INSERT INTO `invoice_details` (`invoice_details_id`, `invoice_id`, `product_id`, `serial_no`, `quantity`, `rate`, `discount`, `description`, `discount_per`, `tax`, `paid_amount`, `due_amount`, `supplier_rate`, `total_price`, `status`) VALUES ('726288597627639', '1416357847', '48246504', '3', '1', '6000', 0, NULL, '', NULL, '41000.00', '0', '3500.000000', '6000', 1);
INSERT INTO `invoice_details` (`invoice_details_id`, `invoice_id`, `product_id`, `serial_no`, `quantity`, `rate`, `discount`, `description`, `discount_per`, `tax`, `paid_amount`, `due_amount`, `supplier_rate`, `total_price`, `status`) VALUES ('952776254356587', '1416357847', '43066325', '9', '1', '10000', 0, NULL, '', NULL, '41000.00', '0', '80.000000', '10000', 1);
INSERT INTO `invoice_details` (`invoice_details_id`, `invoice_id`, `product_id`, `serial_no`, `quantity`, `rate`, `discount`, `description`, `discount_per`, `tax`, `paid_amount`, `due_amount`, `supplier_rate`, `total_price`, `status`) VALUES ('212675218966178', '1416357847', '60598493', '10', '1', '5000', 0, NULL, '', NULL, '41000.00', '0', '3000.000000', '5000', 1);
INSERT INTO `invoice_details` (`invoice_details_id`, `invoice_id`, `product_id`, `serial_no`, `quantity`, `rate`, `discount`, `description`, `discount_per`, `tax`, `paid_amount`, `due_amount`, `supplier_rate`, `total_price`, `status`) VALUES ('741599136672992', '1416357847', '39337913', '8', '1', '10000', 0, NULL, '', NULL, '41000.00', '0', '100.000000', '10000', 1);
INSERT INTO `invoice_details` (`invoice_details_id`, `invoice_id`, `product_id`, `serial_no`, `quantity`, `rate`, `discount`, `description`, `discount_per`, `tax`, `paid_amount`, `due_amount`, `supplier_rate`, `total_price`, `status`) VALUES ('882482318431316', '1416357847', '35694580', '100', '1', '10000', 0, NULL, '', NULL, '41000.00', '0', '500.000000', '10000', 1);
SET SESSION sql_mode = "";
SET SESSION sql_mode = "";
SET SESSION sql_mode = "";
SET SESSION sql_mode = "";
SET SESSION sql_mode = "";
SET SESSION sql_mode = "";
INSERT INTO `invoice` (`invoice_id`, `customer_id`, `date`, `total_amount`, `total_tax`, `invoice`, `invoice_details`, `invoice_discount`, `total_discount`, `paid_amount`, `due_amount`, `prevous_due`, `shipping_cost`, `sales_by`, `status`, `payment_type`, `bank_id`) VALUES ('5592845335', '1', '2024-07-10', '31000.00', '0.00', '1006', 'Thank you for shopping with us', '', '0.00', '5999', '25001.00', '0.00', '', '1', 1, '1', NULL);
INSERT INTO `acc_transaction` (`VNo`, `Vtype`, `VDate`, `COAID`, `Narration`, `Debit`, `Credit`, `IsPosted`, `CreateBy`, `CreateDate`, `IsAppove`) VALUES ('5592845335', 'INV', '2024-07-10 08:59:43', 10107, 'Inventory credit For Invoice No', 0, 7080, 1, '1', '2024-07-10 08:59:43', 1);
INSERT INTO `acc_transaction` (`VNo`, `Vtype`, `VDate`, `COAID`, `Narration`, `Debit`, `Credit`, `IsPosted`, `CreateBy`, `CreateDate`, `IsAppove`) VALUES ('5592845335', 'INV', '2024-07-10 08:59:43', '102030000001', 'Customer debit For Invoice No -   Customer Walking Customer', 31000, 0, 1, '1', '2024-07-10 08:59:43', 1);
INSERT INTO `acc_transaction` (`VNo`, `Vtype`, `VDate`, `COAID`, `Narration`, `Debit`, `Credit`, `IsPosted`, `CreateBy`, `CreateDate`, `IsAppove`) VALUES ('5592845335', 'INVOICE', '2024-07-10 08:59:43', 303, 'Sale Income For Invoice NO -  Customer Walking Customer', 0, 23920, 1, '1', '2024-07-10 08:59:43', 1);
INSERT INTO `acc_transaction` (`VNo`, `Vtype`, `VDate`, `COAID`, `Narration`, `Debit`, `Credit`, `IsPosted`, `CreateBy`, `CreateDate`, `IsAppove`) VALUES ('5592845335', 'INVOICE', '2024-07-10 08:59:43', 50203, 'Sale Income For Invoice NO -  Customer Walking Customer', '0.00', 0, 1, '1', '2024-07-10 08:59:43', 1);
INSERT INTO `acc_transaction` (`VNo`, `Vtype`, `VDate`, `COAID`, `Narration`, `Debit`, `Credit`, `IsPosted`, `CreateBy`, `CreateDate`, `IsAppove`) VALUES ('5592845335', 'INV', '2024-07-10 08:59:43', '102030000001', 'Customer credit for Paid Amount For Customer Invoice NO-  Customer- Walking Customer', 0, '5999', 1, '1', '2024-07-10 08:59:43', 1);
INSERT INTO `acc_transaction` (`VNo`, `Vtype`, `VDate`, `COAID`, `Narration`, `Debit`, `Credit`, `IsPosted`, `CreateBy`, `CreateDate`, `IsAppove`) VALUES ('5592845335', 'INV', '2024-07-10 08:59:43', 1020101, 'Cash in Hand in Sale for Invoice No -  customer- Walking Customer', '5999', 0, 1, '1', '2024-07-10 08:59:43', 1);
INSERT INTO `invoice_details` (`invoice_details_id`, `invoice_id`, `product_id`, `serial_no`, `quantity`, `rate`, `discount`, `description`, `discount_per`, `tax`, `paid_amount`, `due_amount`, `supplier_rate`, `total_price`, `status`) VALUES ('164177542666175', '5592845335', '43066325', NULL, '1', '10000', 0, NULL, '', NULL, '5999', '25001.00', '80.000000', '10000', 1);
INSERT INTO `invoice_details` (`invoice_details_id`, `invoice_id`, `product_id`, `serial_no`, `quantity`, `rate`, `discount`, `description`, `discount_per`, `tax`, `paid_amount`, `due_amount`, `supplier_rate`, `total_price`, `status`) VALUES ('651266454718816', '5592845335', '48246504', NULL, '1', '6000', 0, NULL, '', NULL, '5999', '25001.00', '3500.000000', '6000', 1);
INSERT INTO `invoice_details` (`invoice_details_id`, `invoice_id`, `product_id`, `serial_no`, `quantity`, `rate`, `discount`, `description`, `discount_per`, `tax`, `paid_amount`, `due_amount`, `supplier_rate`, `total_price`, `status`) VALUES ('923335953296166', '5592845335', '60598493', NULL, '1', '5000', 0, NULL, '', NULL, '5999', '25001.00', '3000.000000', '5000', 1);
INSERT INTO `invoice_details` (`invoice_details_id`, `invoice_id`, `product_id`, `serial_no`, `quantity`, `rate`, `discount`, `description`, `discount_per`, `tax`, `paid_amount`, `due_amount`, `supplier_rate`, `total_price`, `status`) VALUES ('158445373921499', '5592845335', '35694580', NULL, '1', '10000', 0, NULL, '', NULL, '5999', '25001.00', '500.000000', '10000', 1);
SET SESSION sql_mode = "";
SET SESSION sql_mode = "";
SET SESSION sql_mode = "";
SET SESSION sql_mode = "";
SET SESSION sql_mode = "";
SET SESSION sql_mode = "";
SET SESSION sql_mode = "";
SET SESSION sql_mode = "";
SET SESSION sql_mode = "";
SET SESSION sql_mode = "";
SET SESSION sql_mode = "";
SET SESSION sql_mode = "";
SET SESSION sql_mode = "";
SET SESSION sql_mode = "";
SET SESSION sql_mode = "";
SET SESSION sql_mode = "";
SET SESSION sql_mode = "";
SET SESSION sql_mode = "";
SET SESSION sql_mode = "";
SET SESSION sql_mode = "";
SET SESSION sql_mode = "";
SET SESSION sql_mode = "";
SET SESSION sql_mode = "";
SET SESSION sql_mode = "";
SET SESSION sql_mode = "";
SET SESSION sql_mode = "";
SET SESSION sql_mode = "";
SET SESSION sql_mode = "";
SET SESSION sql_mode = "";
SET SESSION sql_mode = "";
SET SESSION sql_mode = "";
SET SESSION sql_mode = "";
SET SESSION sql_mode = "";
SET SESSION sql_mode = "";
SET SESSION sql_mode = "";
SET SESSION sql_mode = "";
SET SESSION sql_mode = "";
SET SESSION sql_mode = "";
SET SESSION sql_mode = "";
SET SESSION sql_mode = "";
SET SESSION sql_mode = "";
SET SESSION sql_mode = "";
SET SESSION sql_mode = "";
SET SESSION sql_mode = "";
SET SESSION sql_mode = "";
SET SESSION sql_mode = "";
SET SESSION sql_mode = "";
SET SESSION sql_mode = "";
SET SESSION sql_mode = "";
SET SESSION sql_mode = "";
SET SESSION sql_mode = "";
SET SESSION sql_mode = "";
SET SESSION sql_mode = "";
SET SESSION sql_mode = "";
SET SESSION sql_mode = "";
SET SESSION sql_mode = "";
SET SESSION sql_mode = "";
SET SESSION sql_mode = "";
SET SESSION sql_mode = "";
SET SESSION sql_mode = "";
SET SESSION sql_mode = "";
SET SESSION sql_mode = "";
SET SESSION sql_mode = "";
SET SESSION sql_mode = "";
SET SESSION sql_mode = "";
SET SESSION sql_mode = "";
SET SESSION sql_mode = "";
SET SESSION sql_mode = "";
SET SESSION sql_mode = "";
SET SESSION sql_mode = "";
SET SESSION sql_mode = "";
SET SESSION sql_mode = "";
select * from sec_role;
SET SESSION sql_mode = "";
SET SESSION sql_mode = "";
SET SESSION sql_mode = "";
SET SESSION sql_mode = "";
SET SESSION sql_mode = "";
SET SESSION sql_mode = "";
SET SESSION sql_mode = "";
SET SESSION sql_mode = "";
SET SESSION sql_mode = "";
SET SESSION sql_mode = "";
SET SESSION sql_mode = "";
SET SESSION sql_mode = "";
SET SESSION sql_mode = "";
SET SESSION sql_mode = "";
SET SESSION sql_mode = "";
SET SESSION sql_mode = "";
SET SESSION sql_mode = "";
SET SESSION sql_mode = "";
SET SESSION sql_mode = "";
SET SESSION sql_mode = "";
SET SESSION sql_mode = "";
SET SESSION sql_mode = "";
SET SESSION sql_mode = "";
SET SESSION sql_mode = "";
SET SESSION sql_mode = "";
SET SESSION sql_mode = "";
SET SESSION sql_mode = "";
SET SESSION sql_mode = "";
SET SESSION sql_mode = "";
SET SESSION sql_mode = "";
SET SESSION sql_mode = "";
SET SESSION sql_mode = "";
SET SESSION sql_mode = "";
SET SESSION sql_mode = "";
SET SESSION sql_mode = "";
SET SESSION sql_mode = "";
SET SESSION sql_mode = "";
SET SESSION sql_mode = "";
SET SESSION sql_mode = "";
SET SESSION sql_mode = "";
SET SESSION sql_mode = "";
SET SESSION sql_mode = "";
SET SESSION sql_mode = "";
SET SESSION sql_mode = "";
SET SESSION sql_mode = "";
SET SESSION sql_mode = "";
SET SESSION sql_mode = "";
SET SESSION sql_mode = "";
SET SESSION sql_mode = "";
SET SESSION sql_mode = "";
SET SESSION sql_mode = "";
SET SESSION sql_mode = "";
SET SESSION sql_mode = "";
SET SESSION sql_mode = "";
SET SESSION sql_mode = "";
SET SESSION sql_mode = "";
SET SESSION sql_mode = "";
SET SESSION sql_mode = "";
SET SESSION sql_mode = "";
SET SESSION sql_mode = "";
SET SESSION sql_mode = "";
SET SESSION sql_mode = "";
SET SESSION sql_mode = "";
SET SESSION sql_mode = "";
SET SESSION sql_mode = "";
SET SESSION sql_mode = "";
SET SESSION sql_mode = "";
INSERT INTO `customer_information` (`customer_name`, `customer_address`, `customer_mobile`, `customer_email`, `status`) VALUES ('Chico', '', '090909', 'cashier@wheeltech.com', 1);
INSERT INTO `acc_coa` (`HeadCode`, `HeadName`, `PHeadName`, `HeadLevel`, `IsActive`, `IsTransaction`, `IsGL`, `HeadType`, `IsBudget`, `IsDepreciation`, `customer_id`, `DepreciationRate`, `CreateBy`, `CreateDate`) VALUES (102030000006, '6-Chico', 'Customer Receivable', '4', '1', '1', '0', 'A', '0', '0', 6, '0', '1', '2024-07-12 03:08:21');
SET SESSION sql_mode = "";
INSERT INTO `invoice` (`invoice_id`, `customer_id`, `date`, `total_amount`, `total_tax`, `invoice`, `invoice_details`, `invoice_discount`, `total_discount`, `paid_amount`, `due_amount`, `prevous_due`, `shipping_cost`, `sales_by`, `status`, `payment_type`, `bank_id`) VALUES ('3684438662', '6', '2024-07-12', '16000.00', '0.00', '1007', 'Thank you for shopping with us', '', '0.00', '', '16000.00', '0.00', '', '1', 1, '1', NULL);
INSERT INTO `acc_transaction` (`VNo`, `Vtype`, `VDate`, `COAID`, `Narration`, `Debit`, `Credit`, `IsPosted`, `CreateBy`, `CreateDate`, `IsAppove`) VALUES ('3684438662', 'INV', '2024-07-12 03:08:23', 10107, 'Inventory credit For Invoice No', 0, 3580, 1, '1', '2024-07-12 03:08:23', 1);
INSERT INTO `acc_transaction` (`VNo`, `Vtype`, `VDate`, `COAID`, `Narration`, `Debit`, `Credit`, `IsPosted`, `CreateBy`, `CreateDate`, `IsAppove`) VALUES ('3684438662', 'INV', '2024-07-12 03:08:23', '102030000006', 'Customer debit For Invoice No -   Customer Chico', 16000, 0, 1, '1', '2024-07-12 03:08:23', 1);
INSERT INTO `acc_transaction` (`VNo`, `Vtype`, `VDate`, `COAID`, `Narration`, `Debit`, `Credit`, `IsPosted`, `CreateBy`, `CreateDate`, `IsAppove`) VALUES ('3684438662', 'INVOICE', '2024-07-12 03:08:23', 303, 'Sale Income For Invoice NO -  Customer Chico', 0, 12420, 1, '1', '2024-07-12 03:08:23', 1);
INSERT INTO `acc_transaction` (`VNo`, `Vtype`, `VDate`, `COAID`, `Narration`, `Debit`, `Credit`, `IsPosted`, `CreateBy`, `CreateDate`, `IsAppove`) VALUES ('3684438662', 'INVOICE', '2024-07-12 03:08:23', 50203, 'Sale Income For Invoice NO -  Customer Chico', '0.00', 0, 1, '1', '2024-07-12 03:08:23', 1);
INSERT INTO `invoice_details` (`invoice_details_id`, `invoice_id`, `product_id`, `serial_no`, `quantity`, `rate`, `discount`, `description`, `discount_per`, `tax`, `paid_amount`, `due_amount`, `supplier_rate`, `total_price`, `status`) VALUES ('994662278457376', '3684438662', '43066325', NULL, '1', '10000', 0, NULL, '', NULL, '', '16000.00', '80.000000', '10000', 1);
INSERT INTO `invoice_details` (`invoice_details_id`, `invoice_id`, `product_id`, `serial_no`, `quantity`, `rate`, `discount`, `description`, `discount_per`, `tax`, `paid_amount`, `due_amount`, `supplier_rate`, `total_price`, `status`) VALUES ('422939235333158', '3684438662', '48246504', NULL, '1', '6000', 0, NULL, '', NULL, '', '16000.00', '3500.000000', '6000', 1);
SET SESSION sql_mode = "";
SET SESSION sql_mode = "";
SET SESSION sql_mode = "";
SET SESSION sql_mode = "";
SET SESSION sql_mode = "";
SET SESSION sql_mode = "";
SET SESSION sql_mode = "";
SET SESSION sql_mode = "";
SET SESSION sql_mode = "";
SET SESSION sql_mode = "";
SET SESSION sql_mode = "";
SET SESSION sql_mode = "";
SET SESSION sql_mode = "";
SET SESSION sql_mode = "";
SET SESSION sql_mode = "";
SET SESSION sql_mode = "";
SET SESSION sql_mode = "";
SET SESSION sql_mode = "";
SET SESSION sql_mode = "";
SET SESSION sql_mode = "";
SET SESSION sql_mode = "";
SET SESSION sql_mode = "";
SET SESSION sql_mode = "";
SET SESSION sql_mode = "";
SET SESSION sql_mode = "";
SET SESSION sql_mode = "";
SET SESSION sql_mode = "";
SET SESSION sql_mode = "";
SET SESSION sql_mode = "";
SET SESSION sql_mode = "";
SET SESSION sql_mode = "";
SET SESSION sql_mode = "";
SET SESSION sql_mode = "";
SET SESSION sql_mode = "";
SET SESSION sql_mode = "";
SET SESSION sql_mode = "";
SET SESSION sql_mode = "";
SET SESSION sql_mode = "";
SET SESSION sql_mode = "";
SET SESSION sql_mode = "";
SET SESSION sql_mode = "";
SET SESSION sql_mode = "";
SET SESSION sql_mode = "";
SET SESSION sql_mode = "";
SET SESSION sql_mode = "";
SET SESSION sql_mode = "";
SET SESSION sql_mode = "";
SET SESSION sql_mode = "";
SET SESSION sql_mode = "";
SET SESSION sql_mode = "";
SET SESSION sql_mode = "";
SET SESSION sql_mode = "";
SET SESSION sql_mode = "";
SET SESSION sql_mode = "";
SET SESSION sql_mode = "";
SET SESSION sql_mode = "";
SET SESSION sql_mode = "";
SET SESSION sql_mode = "";
SET SESSION sql_mode = "";
SET SESSION sql_mode = "";
SET SESSION sql_mode = "";
SET SESSION sql_mode = "";
SET SESSION sql_mode = "";
SET SESSION sql_mode = "";
SET SESSION sql_mode = "";
SET SESSION sql_mode = "";
SET SESSION sql_mode = "";
SET SESSION sql_mode = "";
SET SESSION sql_mode = "";
SET SESSION sql_mode = "";
SET SESSION sql_mode = "";
SET SESSION sql_mode = "";
SET SESSION sql_mode = "";
SET SESSION sql_mode = "";
SET SESSION sql_mode = "";
SET SESSION sql_mode = "";
SET SESSION sql_mode = "";
